timestamp_ms,revid,cycle_count,gain_LSB_per_uT,x_uT,y_uT,z_uT,mag_uT,fx_uT,fy_uT,fz_uT,fmag_uT,lat_deg,lon_deg,alt_m,sats,hdop_m,spd_mps,course_deg,fix_valid
1762617600000,1,0,1.0,0.021524461962776964,0.033721172596737056,-0.012135060820011733,0.04180525858299822,0.02142909013645143,0.0338406627921254,-0.01129598357448922,0.04161725131723178,9.231214267084699,106.42189845085008,6.485990652895452,19,1.2675512835849245,2.927259084541331,202.6302845003964,1
1762617602000,1,1,1.0,-0.028216717826891037,0.01641112932411942,-0.0289774542669455,0.04364861036056338,-0.027475261752390526,0.015302958189003533,-0.029646255195914534,0.04322002990325265,9.21851530973636,106.42088485199334,3.2954532836520665,15,0.6945477848934265,4.269311574341264,123.87757965915272,1
1762617604000,1,2,1.0,-0.03143876779255251,-0.011806436250465856,0.007467639382043565,0.03440281522187682,-0.03115355394755002,-0.0115910127894153,0.007148741074671926,0.034,9.234121413111053,106.42146209296462,0.7235393588741923,13,0.7723193651282186,0.9269084262366623,243.3319064981495,1
1762617606000,1,3,1.0,0.0326057868970663,0.019633280592297794,-0.020939065618770993,0.043440160162918316,0.03205179457117193,0.019468056011852045,-0.020902466544563444,0.042932922655694074,9.240907424988194,106.40502858762488,11.855054117789866,13,0.6645403331121872,0.0603662029957297,208.08549591946067,1
1762617608000,1,4,1.0,-0.017880508367268975,-0.005066233673600231,-0.02829271317964528,0.03385050844777919,-0.01690857900409244,-0.004958509087259176,-0.02907770870777016,0.034,9.235862695979328,106.41422265063986,4.5863667683814,16,1.1470267154405167,0.8336427399320773,19.602007628965698,1
1762617610000,1,5,1.0,-0.02547157801499477,0.01886172038550707,-0.019500487600175958,0.03721336855378231,-0.025589806192615593,0.018842255343463298,-0.020392203481944753,0.03775858485500931,9.223730807747328,106.4121425247184,11.247846419127395,15,0.9844315882699027,0.9242139965903351,69.93741514479001,1
1762617612000,1,6,1.0,-0.03392310504514186,-0.018764900372116318,0.007692941458248684,0.039523156379004214,-0.03459223358485217,-0.017886542174890285,0.007664794520147522,0.039690050269547236,9.219093479311958,106.438526529745,37.39440146497239,14,0.5099178131011244,1.488238339537361,277.58051841905217,1
1762617614000,1,7,1.0,-0.01102036753884393,0.006600166539634264,-0.03944427376318273,0.04148326688855421,-0.010857163052225068,0.006086669683104154,-0.0386891017784916,0.04064199962846688,9.236899113496207,106.41223518334057,38.4494130283985,16,0.6888332964188485,4.3198691548366055,304.59285686392303,1
1762617616000,1,8,1.0,-0.00988317240120261,-0.02543469713002659,-0.02920240567550304,0.03996725424700486,-0.010073068377103212,-0.024647767336952727,-0.029196604040211554,0.039514817837201885,9.240382759968321,106.42627001599026,43.35854831987574,17,0.5262595976701092,4.617322615959288,265.27375482094294,1
1762617618000,1,9,1.0,0.028246752875914022,0.017205006451646507,0.030017480061908755,0.04466475572866424,0.028009966286976124,0.017368725549946812,0.029960747472781914,0.04454073672218189,9.243828264521099,106.40481299106398,37.002689131988,14,1.1297006294331675,1.7300893250859395,60.80936191685022,1
1762617620000,1,10,1.0,0.005777231163393147,0.01892143662582158,-0.038783878812382176,0.043538332761301396,0.0052502625552668875,0.018835441748054235,-0.03819232210276413,0.042906789559985344,9.233334639869362,106.41417056823371,10.627272646824014,10,0.7618626059699668,4.76479788235319,6.650670898494959,1
1762617622000,1,11,1.0,-0.031210729803631706,0.026210417292047587,0.0011731874970719763,0.04077342269667654,-0.030574045532444985,0.026418381295469327,0.000783781847888754,0.04041432226918946,9.222646769831416,106.40662655683872,12.035849104265667,18,1.3338537106116846,1.2624975554873386,41.19981899638327,1
1762617624000,1,12,1.0,-0.02025617416725819,0.0364444783026602,-0.002517587730751389,0.041771411738525166,-0.020138522000438776,0.03679596489839097,-0.002475010823127324,0.042019385761102875,9.236707782927914,106.41849703511694,8.713172359990784,15,1.397934303151282,4.732410896726595,125.57061855292633,1
1762617626000,1,13,1.0,-0.005622268169282004,0.006262108687605232,0.035256676147322155,0.03624716702778105,-0.0058482514241915825,0.006534626021531423,0.03510903691436674,0.03618767545748415,9.228869340347284,106.4303290754213,20.452024548764626,14,1.4833164000913532,0.8192594678654896,237.8438494311672,1
1762617628000,1,14,1.0,-0.02902994635897156,-0.026058408934715952,0.0008141807130055711,0.03901847449666735,-0.029589605981564862,-0.02666659381845679,0.0006087328914567101,0.0398374517728727,9.222672150270801,106.41057702422206,49.51157578913207,18,0.8837962886534918,3.939244114706208,21.903633122176053,1
1762617630000,1,15,1.0,-0.03192720639837262,0.020244741306506556,0.0060889093070137755,0.03829191658197193,-0.03218195713371177,0.020905662351219063,0.005834929500876277,0.038817154527082946,9.243726718851896,106.42285336973191,14.925311464717261,12,1.283446722360251,1.5567696742988668,219.3857598811158,1
1762617632000,1,16,1.0,0.03231138680125917,0.009890561339452328,0.030468179951550912,0.04549899900206754,0.03183476990302072,0.010114044629307116,0.0300690940842594,0.04494326303896874,9.222550538431273,106.42274295205632,33.70550530068472,14,0.603022469918748,3.4175509987614587,127.77979925076555,1
1762617634000,1,17,1.0,0.0020494858373645217,-0.009111973786026566,-0.03760470263300524,0.03874715626457695,0.001432376556581162,-0.008138251687533349,-0.038286901439312834,0.03916847795042766,9.24184308083269,106.42176346609347,45.73259119946009,12,1.3245138975507165,3.791377783677558,168.5855227908761,1
1762617636000,1,18,1.0,-0.03948997519953291,-0.014208785588719299,0.004103017080344117,0.04216850102063763,-0.03966795836740111,-0.014407636316020773,0.004236895063204298,0.04241554178634518,9.227436324604717,106.41543585847198,26.06135273820829,19,0.8306390793975438,1.93943011176141,268.39848577989534,1
1762617638000,1,19,1.0,0.019253777122116567,-0.013667343039133393,-0.030947447948993668,0.03892619598385077,0.018826880325110134,-0.01362340875103407,-0.03079989426970791,0.03858344432264902,9.2380442131005,106.41595559450796,14.167293068193848,14,0.5874614685430329,4.464637900522126,300.14180766371084,1
1762617640000,1,20,1.0,-0.02537033067282149,-0.025157279156470893,0.0014158614994411864,0.0357567760961543,-0.025651664557900123,-0.02418353682593704,0.0014789423899871175,0.035285104769511216,9.239890114753727,106.4180795487134,27.151986248379924,19,0.6645086774479726,1.8092368479881964,238.76690855538678,1
1762617642000,1,21,1.0,-0.03281090396416601,-0.027307923338372453,-0.004530352607503258,0.04292787195690538,-0.032029216914135294,-0.02636271029669959,-0.005090752668926355,0.04179448519908604,9.24015442721318,106.41860058659488,1.2788005836261607,16,0.6877852740328162,2.5333967409579867,135.15231270987817,1
1762617644000,1,22,1.0,-0.03972209563746142,-0.014145976635830986,0.0012064809196331557,0.042183043193000515,-0.03916293940900494,-0.014667403212253256,0.001061843501835702,0.041832954136262,9.231402948191056,106.41823175129394,39.52900226123119,11,0.8428980731342699,2.6172847568588127,121.65720525843228,1
1762617646000,1,23,1.0,0.017077673480786645,-0.03287236381943409,-0.01269459947059796,0.039158550666648896,0.01770087807770844,-0.032175757417409766,-0.01329199319058724,0.039054801664897956,9.240538223179552,106.4227763561633,42.40147494741229,14,0.813023841051105,1.549205845694372,158.05796910668636,1
1762617648000,1,24,1.0,-0.0028203402235772203,-0.022542267226654752,0.025370321228171806,0.03405526875411888,-0.0032014598897383596,-0.022813127791107363,0.025006236321385947,0.034,9.22257100394195,106.41616511315902,5.579800313652051,19,0.9344665974498946,2.421347351208944,162.36918861270817,1
1762617650000,1,25,1.0,0.006933477693123515,0.028936925599258277,-0.021788798447039924,0.036880489609328396,0.006520684134661659,0.02851267426178369,-0.021920573930238805,0.036551381322375155,9.220175862357262,106.42108008452632,42.479227368981235,13,1.058500243376801,4.354122103324944,304.55460106219175,1
1762617652000,1,26,1.0,-0.043525428500401794,0.009691730223545362,-0.0036802586778945066,0.04474300911657361,-0.04313603703299301,0.010198745361153571,-0.004358341519811551,0.044539052960932045,9.227851653221506,106.41931057451563,3.6744532243621455,15,0.8099446982851065,2.945378214260196,150.1288105229538,1
1762617654000,1,27,1.0,0.006430386499432673,-0.041844096727165346,-0.0034526833189255698,0.04247586754317377,0.006233093827099044,-0.042139824867983934,-0.0035309129801046482,0.04274439899021682,9.239511408681647,106.40889736290838,46.23703889031802,11,1.3921153339519161,4.498470067656463,93.82994316275656,1
1762617656000,1,28,1.0,-0.003421170608258971,0.03404087003265079,0.025481782030064012,0.042659189588391516,-0.0035817048314683605,0.03374554385900789,0.025748375874132316,0.042597760504463,9.237985518005512,106.41040180000371,33.27203468673679,16,0.6660719257309474,0.2513253312877334,57.59782763722922,1
1762617658000,1,29,1.0,0.008219777049628953,0.036074131461871065,0.01829453139022929,0.041274660195597584,0.007962058704779782,0.036642462025140723,0.019162072840920686,0.04210996838805498,9.237198950237069,106.42123097944614,41.50557957304707,17,1.1374015114890637,1.3010187160255278,288.79570615097634,1
1762617660000,1,30,1.0,0.013376388803619622,-0.01640302215783326,0.033999056540020625,0.04004900446886899,0.014013923070990867,-0.016795204933555765,0.03389594130784372,0.04034109301623559,9.237669188518506,106.42062535335965,5.381505097275452,18,1.4192585644301903,1.2997586633942366,302.91119057986276,1
1762617662000,1,31,1.0,0.021955804629420473,0.029118123713374203,0.017416785401722458,0.04041369692619445,0.0221258346670547,0.02962026928416032,0.01690516111135356,0.04065338097109306,9.22789751232227,106.42499176537282,41.079883114579175,14,1.4927960901447241,2.8763908918773846,20.852190011631105,1
1762617664000,1,32,1.0,0.027176760097964697,0.015887129983367904,0.03093347158417454,0.04413453129670335,0.02829196589259013,0.01584300343105721,0.030496559927519394,0.044513776060864076,9.239625481843373,106.40076874798586,12.425873741604516,12,0.6446676186464073,4.566357957683427,41.76708594053805,1
1762617666000,1,33,1.0,0.01567215681496337,0.022007017358298006,0.025158243405051982,0.036916967961481806,0.015071364176109105,0.022097050225208092,0.025044492833772247,0.03664221974833325,9.227773956560494,106.4215695350763,30.910534187270187,13,0.6561038568233588,0.23741449950768323,280.68659588630914,1
1762617668000,1,34,1.0,-0.028155838951379842,0.03331850064393812,0.009170396916192293,0.044575440904343865,-0.027961826307555223,0.03339680380569553,0.009257246389104903,0.0445298421914855,9.225325895687254,106.39947259813374,11.306253886067635,12,1.07001620118051,4.8185356085615165,234.95481922218863,1
1762617670000,1,35,1.0,0.02285172038558635,-0.0351844113514265,-0.0061102552331936105,0.04239668791005003,0.023028898602118725,-0.03460949609178658,-0.005565101625989011,0.04194183766433753,9.236935954554877,106.41667788724473,0.7025240786876219,11,1.0316982381727815,4.546678763997285,113.71549632386773,1
1762617672000,1,36,1.0,0.002302567961005898,-0.03576581986385148,-0.007490829947687099,0.036614317186773944,0.002763426139662749,-0.03519759065275815,-0.008093799799525613,0.036221768413252545,9.229004817336326,106.39897503261746,11.344657020976717,10,1.3506247936639033,2.080340925842465,154.3816320700405,1
1762617674000,1,37,1.0,0.041081271967706334,0.0035130393158503107,-0.000606596593654987,0.04123566794835265,0.040535181134669855,0.0042617005674675,0.0002003239384655184,0.04075908648421318,9.224572610530604,106.42693315954307,35.29089632059396,17,0.7864426050579256,1.3777475239499615,96.07174809499315,1
1762617676000,1,38,1.0,-0.004068735975088606,-0.02483291635037596,0.033903156128083915,0.04222146779003525,-0.004521637472094086,-0.024884202824966752,0.03327475942875353,0.04179567406687623,9.233648121601215,106.41081729261433,12.352848366083574,13,0.9251824755309257,3.472126246630646,215.23265735963295,1
1762617678000,1,39,1.0,-0.016902678208028488,0.009937600230010292,0.034431514669857215,0.03962304419648059,-0.016847453829223074,0.010386169568345949,0.03449670696894057,0.03977099458815672,9.239183381649465,106.43296664201809,12.127994379320212,12,0.8428031179999438,3.8901113614991205,158.13026725595034,1
1762617680000,1,40,1.0,0.02804618508973999,-0.026180191466376686,0.004364611978655197,0.03861399695742875,0.027277261989516355,-0.02594177733136631,0.0029082898745889977,0.03775556889717782,9.232939461369714,106.4186230530928,20.016217285450054,19,1.1023610577761107,2.397736989865135,312.44772870120295,1
1762617682000,1,41,1.0,-0.004532078172900332,0.020575291852280284,0.027923178171574196,0.03497979769200029,-0.004502525763850242,0.0214008608410786,0.027805854124680777,0.035375628709556156,9.228094544169092,106.42324573047377,2.1935694804951336,15,0.7689037728778776,4.1270620553139565,22.733004559037955,1
1762617684000,1,42,1.0,-0.019972496386089774,-0.022834572430360557,-0.020894168499790342,0.036835914367195806,-0.020236347648440595,-0.022221252120677274,-0.020363987460617558,0.036304074113733306,9.2347910411639,106.42127583712835,33.546718515441356,12,1.0178085494776719,0.5475053937617613,258.16056535973314,1
1762617686000,1,43,1.0,0.0017184779207192876,0.030172556278483437,-0.02375547877409312,0.038440331561117404,0.0019186932005282626,0.030399021909711225,-0.02381435787150831,0.03866400855443117,9.244422649900919,106.43021390971815,33.35849900902914,18,0.6037371154758189,1.9409716643039954,263.9820410165047,1
1762617688000,1,44,1.0,-0.02903172377000505,-0.0047883705878635895,0.02242125531084736,0.036993001603800604,-0.028760136203300705,-0.004517790609197225,0.02265929782670588,0.0368917286721606,9.228725471123186,106.41687178150434,35.40692912121403,14,1.349635777359432,1.715623066510743,221.1766258646174,1
1762617690000,1,45,1.0,-0.0065018843264184195,0.016517651444053285,0.03958623410127435,0.043384066652888326,-0.006437245535106534,0.017272856026391253,0.039747773567932694,0.04381409806210027,9.237860031986509,106.40875155568058,31.71799584319138,19,1.3909719086077474,4.791972605269644,43.506099355594316,1
1762617692000,1,46,1.0,-0.0016118176806297188,0.012235065738159055,-0.0388069375184235,0.04072190061148288,-0.001499905038828437,0.011986324520062201,-0.0387864234656002,0.04062398719818882,9.22944088267643,106.40842905401894,18.186001034579014,15,0.5199812463408401,3.5897704277394755,161.3983576249398,1
1762617694000,1,47,1.0,0.006659506566150635,-0.03301198390761597,0.005299973742589525,0.03409149206024045,0.007470124979064034,-0.03298030623025767,0.005396491947322477,0.03424361972078778,9.232711421243621,106.41039112093034,46.35774374551814,11,0.6093525417554237,4.115975042747382,78.14897817183754,1
1762617696000,1,48,1.0,-0.03725826411950447,0.01921771290766797,-0.0021710831733303716,0.04197871290006187,-0.037163789607461896,0.01897302479126854,-0.0019222880268299012,0.041771020085411815,9.239789834375346,106.41747264005934,28.45543562461168,14,0.843871211881227,3.843068150037987,132.26979103644635,1
1762617698000,1,49,1.0,0.002330821943770488,-0.00773079843151044,-0.04084389292717675,0.04163437960110473,0.00306327062625538,-0.007581966224281669,-0.040398914291662584,0.04121822551615883,9.23254936577222,106.41964848190653,44.36603501283261,12,1.466755418516759,0.29296073829883307,190.95565257269266,1
1762617700000,1,50,1.0,-0.02657769176786322,0.009902647742670582,0.028717525331811943,0.040362512226151434,-0.02636830277563264,0.010500960102994492,0.028838181054574325,0.040462306420772996,9.237727227432803,106.41519376610505,32.35317917205245,10,1.0374599808194347,0.0019578160940675327,148.0125729097865,1
1762617702000,1,51,1.0,-0.008340425645645588,0.034441898281003025,-0.021718241764161744,0.0415630735446271,-0.008898624535415595,0.034499777566632535,-0.02126943038342514,0.041494684474096086,9.234805795194852,106.41822169762548,8.294082409468384,13,1.004823437226935,4.976625612727645,329.7670645269677,1
1762617704000,1,52,1.0,0.013257520694870805,0.02873193412177587,-0.02814127071652494,0.04234639312732243,0.013136461377911482,0.029329112976496218,-0.028111066100013682,0.042696551649996015,9.235522192698381,106.42842775805364,5.2540449929523945,15,0.9829500063111649,1.1018910075433919,49.9308481236452,1
1762617706000,1,53,1.0,0.002703386721079174,-0.013479711994622522,0.039884055719474426,0.042187069533872794,0.0018374886177886566,-0.013175949112023421,0.040402520133056744,0.04253640361531742,9.239429711316385,106.40417248456922,5.992964849506372,16,0.6906060319928771,2.9190422416090342,351.46884019743743,1
1762617708000,1,54,1.0,-0.01861807600957128,-0.018589520459600172,0.034689042736730624,0.04353771596221821,-0.018537459727735076,-0.017973692534839054,0.03477012152296514,0.0433088026527644,9.246345322314076,106.41306184301185,13.901287765480314,18,1.0617287358017777,1.8053270622287125,68.17233581501708,1
1762617710000,1,55,1.0,0.01813434425448173,0.023238338558397697,0.03214568947567897,0.04361444912367397,0.018023060324508067,0.02350382115256585,0.031083164082374288,0.042935106866112044,9.225258098637159,106.42458179568253,31.561923046770808,14,0.6651392957799663,3.9371036972956657,203.84100018922575,1
1762617712000,1,56,1.0,-0.020802155834577188,-0.029545033940296454,-0.022588460281332618,0.042613111313076456,-0.021328399088125213,-0.029504184473782818,-0.02198648118680645,0.042530023090790126,9.22878480103842,106.40930397210242,11.97689013500613,17,0.6927329078299407,3.890887035181405,168.38698745890025,1
1762617714000,1,57,1.0,-0.009527126478602571,0.029105956757700713,0.026869379857147744,0.04074170383805924,-0.009174470579594142,0.030496124385553984,0.027061154880715123,0.041791035120382826,9.237640152296763,106.42466578557297,38.564648406259074,16,0.7398033371701365,3.085020444812485,33.70673056971811,1
1762617716000,1,58,1.0,-8.568408117568958e-05,-0.028913059452472047,-0.024690358708690158,0.038020864822196535,-0.0006031577807588354,-0.028939231569517616,-0.025748580157207414,0.03874057696078868,9.257386758961024,106.41398636305487,44.73009800624013,19,1.3035207256694084,2.133429729194271,236.98309568678502,1
1762617718000,1,59,1.0,0.02044767200387377,-0.007488100567758495,-0.03474993422040028,0.041008985220473505,0.020106194513127142,-0.007652376152456936,-0.03519661122571763,0.04125068921063875,9.239884202913307,106.41281711902572,29.095318077444144,12,1.2841644073987668,0.1799670456418051,167.30462380383648,1
1762617720000,1,60,1.0,-0.023590379090030287,0.008586646335826556,-0.03221916919866306,0.040844967190095526,-0.023228644311812756,0.008715189698713224,-0.03279811245921675,0.04112469609537191,9.248278793978002,106.41567483376701,47.392295180712,13,1.1111071479213313,2.3019774931645816,158.63556564422836,1
1762617722000,1,61,1.0,0.01491566561499986,0.022315517413122588,0.021160868041540996,0.03417955140760887,0.014746252137697707,0.023073412684692908,0.021375959694236096,0.03473853735948461,9.22511079884996,106.41834986051089,27.154232266557877,11,0.642548405602187,3.787418124940745,5.156431309694325,1
1762617724000,1,62,1.0,0.006319553391185931,0.034851942912228734,-0.0065093879095234385,0.03601342542411025,0.006822904336944001,0.03511568844536517,-0.007098901801320674,0.03646996031486511,9.233723602936083,106.41459612338609,25.506588936114994,11,1.259247805102062,2.4065816954775423,294.1542776362442,1
1762617726000,1,63,1.0,0.018200297958490416,0.006106678042069119,0.029247868558986326,0.03498542807700172,0.01859505508800331,0.005708988552774045,0.028877018102371994,0.03481739218417001,9.24856873097976,106.42818590187136,32.288226315709636,17,0.7564081386932088,3.5764555056655323,276.5511579183064,1
1762617728000,1,64,1.0,0.023354668511501742,-0.0022036907036383606,-0.029040539155862615,0.03733161807988803,0.023632494423762616,-0.001173381218860008,-0.02890144107961274,0.03735190641255505,9.247091985585385,106.41445658895528,35.871241099782445,12,1.2091434681748314,4.014898364890558,117.05948743281712,1
1762617730000,1,65,1.0,-0.030005899622649004,0.026378352054414887,-0.016980560333489027,0.04341095366967193,-0.029459553058744415,0.02618143515959669,-0.016364999464994857,0.04267488747409213,9.235910694098013,106.42582710224049,2.8299617866834548,11,1.4320781323746181,4.351387692243875,267.9946568987175,1
1762617732000,1,66,1.0,-0.011303013854931869,0.030962571683036778,-0.02461876211883932,0.04114027729240495,-0.011643967987751006,0.03063037507494676,-0.024582604472507177,0.04096469590248925,9.237099184830736,106.42511832963278,33.28739636927892,17,0.8063569543907051,3.1983556499555514,32.74468801103907,1
1762617734000,1,67,1.0,0.031120230072853146,0.003960368205975645,0.02144733285275694,0.03800185946254687,0.02991399798509728,0.0035254858505965503,0.021700399470928635,0.037123896120060465,9.23751819666144,106.4156184131165,19.090460178102326,18,0.7683962822252214,4.695739247935682,262.24475990126524,1
1762617736000,1,68,1.0,0.010297792018081876,-0.008638962407935056,-0.03723756903993359,0.039589300826576954,0.009902835074091976,-0.008451698062443924,-0.03766430457814688,0.039850937027864235,9.24286459384787,106.4272898375412,6.410121479510838,10,1.4996426854145366,0.02022601983676875,30.205986341948794,1
1762617738000,1,69,1.0,-0.02974332355254292,0.019754964169355946,-0.019188590422325846,0.04053548948365576,-0.029604339847361313,0.01912817904697248,-0.018627738989151935,0.039865985893980764,9.240529871046109,106.43057657147769,27.479874131020537,19,1.0077879035534658,1.2910661376865002,324.403651463197,1
1762617740000,1,70,1.0,0.006748706222672984,0.0033231006035719024,0.03695524233354083,0.03771310076395381,0.007562940713360011,0.004739608568906059,0.03741143979597385,0.0384613804904091,9.237518673724397,106.4219024953138,41.25217138823115,12,0.9560665412203521,2.526270525151608,304.2154114840565,1
1762617742000,1,71,1.0,0.03472083210067762,-0.0015263900344909774,-0.011515832150407787,0.03661257213604644,0.03538185296741473,-0.0009820367441454154,-0.011289745083102065,0.03715236546461118,9.242828413904238,106.42358945145922,21.594599071441685,19,0.7026034730352728,3.578091841923834,51.61442392032973,1
1762617744000,1,72,1.0,-0.01429156989354861,-0.027574863638767905,0.023779287621712043,0.03911619350748404,-0.014569493261615836,-0.027543530957120903,0.023985282578746745,0.03932187701354653,9.258633934744658,106.40443334364845,15.67731543792723,19,1.1675644433318069,0.7228322984747776,90.97514802410556,1
1762617746000,1,73,1.0,-0.012631245666262992,0.024671742051933947,0.031612020529375624,0.042042396041476034,-0.012527360027128821,0.024828046023228748,0.031340320086351334,0.041899669231341516,9.228596022463934,106.42153868458387,17.911276675108752,17,1.3017477132676838,2.925632914374642,294.267222466169,1
1762617748000,1,74,1.0,0.025271324779881185,0.010368385136475934,-0.029951168109334587,0.040536597508697654,0.024860856831514917,0.00919818346968135,-0.030141451650935104,0.04013945551654456,9.231681535179106,106.42535445772194,48.90027984134776,15,0.8037798910401399,4.333021866178547,305.1946196791586,1
1762617750000,1,75,1.0,-0.03291427431297358,0.002867030600328712,-0.024626963383271534,0.04120748285801852,-0.033962837235940006,0.0031757785524026937,-0.02452477519679438,0.042012194431880784,9.231714400163304,106.43068042355415,27.89276966551603,14,0.6134537825322237,1.9153383381849576,216.1328931052216,1
1762617752000,1,76,1.0,-0.0362604838256677,-0.012971900798112218,-0.023738643187809404,0.045239541089468434,-0.036467456026730245,-0.013081117920650979,-0.022891242973777544,0.045,9.2352639440649,106.41402145376793,21.48293632538317,19,1.060410766878491,2.1544998571563507,267.32687762034385,1
1762617754000,1,77,1.0,0.03218358788295384,0.021247335522809177,0.01859566291393786,0.04281391450273434,0.03175300111783195,0.02177302218453761,0.019123919466865678,0.04298885751927548,9.231946409099173,106.41886013763752,42.20287839246519,13,1.2043830685215293,3.232991587659677,323.0595280003709,1
1762617756000,1,78,1.0,-0.036544579065801906,0.01253374243620494,-0.017894479151699224,0.042577145778743435,-0.03750446197184333,0.013797240030486794,-0.01692649878213031,0.04339878870749469,9.21930648549327,106.42609594570409,31.16367040141581,19,0.7871132474443697,0.5695795401667991,65.66686601175029,1
1762617758000,1,79,1.0,0.027270191371772112,0.017938454567173585,0.018135484421841375,0.037340959882232225,0.027276524182599467,0.019104211651490188,0.017809767420798144,0.03776463279169798,9.239097207237197,106.41225760357354,7.942752989923535,16,1.1082873481738797,2.3876962092104357,353.46725168195456,1
1762617760000,1,80,1.0,0.03448178976851607,-0.020984085972860382,0.01891411211577969,0.04457655579881446,0.034078325575721984,-0.022276411334856454,0.019168443442162217,0.045,9.230740152696642,106.42195730915762,37.321513481045294,19,0.983331986369067,3.592446767966604,68.71554935878135,1
1762617762000,1,81,1.0,-0.022549608327289743,-0.030117013882497167,-0.013782889473444776,0.040068533828303436,-0.022598094097723696,-0.0299490135912586,-0.014151546971174263,0.0400984233308034,9.222465204293847,106.39593036265738,35.658851718502916,19,0.9244450153851606,3.936561783804529,21.879674295762474,1
1762617764000,1,82,1.0,0.01623291211826298,-0.030748482583637535,0.021805834804692757,0.04104230803165265,0.016323400526700744,-0.03136342883148945,0.02090512549438025,0.04107483834123739,9.226123015467179,106.42168116323803,4.126822371511612,17,1.2012712990773093,1.795236510265434,293.3313920840134,1
1762617766000,1,83,1.0,0.021566677908931582,0.003539466488961755,0.025814406190111692,0.033823556672859786,0.02232151037638478,0.0033244521890692185,0.025430261346662167,0.034,9.226778548278816,106.40533693569587,39.11097318535975,14,1.0523070783565704,2.2598004821370017,159.6643919760126,1
1762617768000,1,84,1.0,0.036271864044508176,-0.007007677225563869,-0.0035999931712607913,0.037117591680954944,0.03663316242124121,-0.007351397188404101,-0.0044009123450737455,0.03762179765869433,9.22549917207422,106.40508295902637,25.11076990126878,12,1.1293776654150802,0.7373945568471918,204.85301199396724,1
1762617770000,1,85,1.0,-0.03673449364955571,-0.01481554623415897,-0.00449841878916274,0.03986425975116612,-0.03737801098872687,-0.015096463865411016,-0.004934526732250644,0.04061241781505188,9.232045062564701,106.41480693333231,42.86641522249969,18,0.7232523979219467,0.45695030690990235,58.15183000658369,1
1762617772000,1,86,1.0,-0.008990510809690992,0.03506923594963275,0.006663450199605764,0.036811440657393606,-0.008691854859427698,0.035342474681547525,0.006151466742569761,0.036911778616020754,9.243819455662246,106.41347563372152,41.166334075728386,16,1.4922036267995957,0.35366854285379223,329.58378656672,1
1762617774000,1,87,1.0,-0.016316374925470115,-0.017516541393366725,-0.02994504258542557,0.03833743455862678,-0.01653822802145756,-0.018062993015466655,-0.029787680696969864,0.0385628140061271,9.23797707550083,106.41708406715671,4.47523406456074,11,0.9740792433896581,2.8185421879399493,22.00444186755917,1
1762617776000,1,88,1.0,-0.0279138030056003,-0.019919694306687125,0.014935427943901776,0.03740376488235918,-0.028732935946985047,-0.01973401686247752,0.015169245870260532,0.03801472148963489,9.232486273448515,106.39863588051301,32.44989539086539,15,1.094757733324627,4.3917346353081,149.8951663657802,1
1762617778000,1,89,1.0,-0.02029661703883026,-0.036085819640788046,0.016526707666151334,0.044578819058504054,-0.021610143858195822,-0.03561649662863548,0.01701372535132968,0.045,9.246251388102216,106.40922166332908,41.885020441642304,14,1.1643840418961826,1.5273786247686045,162.8382263147524,1
1762617780000,1,90,1.0,-0.009013235049160113,-0.028140652013735164,-0.02472558167688964,0.03852906813134839,-0.00826944346698391,-0.02782362147964922,-0.025019074940941567,0.03832090445692651,9.231064831476559,106.4304275576424,26.282480261027715,10,0.7663690416158512,0.94391358489894,18.07574580414459,1
1762617782000,1,91,1.0,0.02442721082216417,-0.013114760145882615,0.023372883245309665,0.03626261481792733,0.024413341885127938,-0.013214958309581783,0.023866723266260353,0.036609655346539115,9.231905791733979,106.4170629546585,8.00150375451537,10,0.9633160389459576,4.2787974863861695,10.788215216690759,1
1762617784000,1,92,1.0,0.02845806021295471,0.009496107588449019,0.028085910333552733,0.04109568845608891,0.02826020918927205,0.009764995649300967,0.02857534572498342,0.04135873483019774,9.229238667478649,106.40934162292326,34.40997380449475,16,1.081441181279927,0.11555763564878974,3.1979192932936895,1
1762617786000,1,93,1.0,-0.0189688767089856,0.005924293788960998,-0.030229910556387306,0.03617683005385899,-0.018884052498142814,0.006237954021864944,-0.03107546982088877,0.036894502757463525,9.23371679132879,106.4223195303664,14.20987118325,16,1.3370414075718653,1.9042797356845542,342.2685823643304,1
1762617788000,1,94,1.0,0.042450759042689454,0.004168336110810355,-0.008685350686282485,0.04353018821205433,0.04247333200753692,0.004758638258812272,-0.00928524145513964,0.043736075255799256,9.239404693229895,106.41539601194742,29.507504913109333,13,1.3205388395513067,1.2508839653549604,151.16846344902052,1
1762617790000,1,95,1.0,0.02667160819472348,0.009629941465584784,-0.023654696878229426,0.03692770153589777,0.026508856625688346,0.00959699417604436,-0.02310948943707831,0.03645367305030817,9.224306026930234,106.42283752952763,24.686495189829145,11,0.6425825294041041,3.2140409422052834,83.72369984772162,1
1762617792000,1,96,1.0,0.0043668015093347706,0.03441247552942916,0.019570054470960118,0.03982806120666477,0.003948908363416222,0.03529016808237725,0.020210986363846353,0.04085919493020732,9.22991062306257,106.41458288024161,16.423724729662,11,0.5709811737906808,1.2382854794215026,178.62047120007384,1
1762617794000,1,97,1.0,0.005489660157844208,0.02612794645988291,0.026612809334000488,0.03769678468393549,0.004998395774411592,0.026022867114556612,0.026030522157755233,0.03714514311434153,9.251154153829322,106.43100863362527,35.317632501110495,12,1.3960361637343812,0.5158237865541226,104.42805335991213,1
1762617796000,1,98,1.0,0.029193732446036066,-0.018622990356392137,0.021469876461393016,0.04074365446560349,0.029330254243167944,-0.018809804966999005,0.0207271886157706,0.040542433631679566,9.227800307620846,106.41851896741198,30.45613129966717,18,0.5698857576445762,0.9112174583234273,244.9195647170208,1
1762617798000,1,99,1.0,0.033482504118009085,0.006665693228843298,0.026912077719221605,0.04347147887292272,0.033345061881024554,0.007304845069120415,0.02635079611865183,0.04312329265512973,9.237579633937266,106.41963975757002,7.46980816264588,12,0.8315742738443004,4.39274930905433,134.5091397934095,1
1762617800000,1,100,1.0,0.03131574550074856,0.014561037641658867,-0.018204427512068966,0.039039735072252134,0.030447982012140423,0.014497834391372874,-0.018267137806245618,0.038353032921578295,9.234004149866008,106.40379569053061,42.90801212511502,12,1.4955477027758706,1.9936202972245214,345.47070433258165,1
1762617802000,1,101,1.0,-0.023413382799441704,-0.03833464549143246,-0.0007241082310217275,0.0449250027467693,-0.022728958612048374,-0.038837899019341045,-0.000109727732410778,0.045,9.235285645756864,106.41017292633946,46.99814816553059,10,0.8907234364279097,1.942654129532262,180.87996071524984,1
1762617804000,1,102,1.0,0.016000744400740168,0.04175014382003941,0.0034822084245743914,0.04484667329784864,0.016885926618462097,0.0415909469208747,0.003171532194523061,0.045,9.233729724997785,106.4247538089083,23.83090370251828,13,1.436687114378259,0.17552709893282503,276.2124180417232,1
1762617806000,1,103,1.0,0.0014114926355692703,0.039284078885879425,0.0050078754344524065,0.039627136935933886,0.001933856942738949,0.03924884147240301,0.005677597824648819,0.03970448937663421,9.230397819845505,106.41090783286063,14.323134357988925,13,0.9600453267448555,1.667271044707841,220.9693859481266,1
1762617808000,1,104,1.0,-0.034395317957795865,0.015985131297747205,-0.013054354441903207,0.04011207411639206,-0.0349431987937618,0.016425668904751157,-0.013813762141042829,0.041007923202695515,9.236662000550924,106.42404266205125,7.041868626998543,17,0.847536238105844,4.081953548457299,50.545288839198875,1
1762617810000,1,105,1.0,-0.0299586169243053,0.02285126917257812,0.0038742065855186477,0.037877548857894267,-0.029122084178410276,0.022970267878615412,0.003888182152142814,0.037294060569452704,9.236473305641184,106.40438818519313,10.065988990067847,16,0.7417612439935364,1.6096415494024885,157.95813625157163,1
1762617812000,1,106,1.0,0.032314188710951264,-0.006455606544791036,-0.031020776596806025,0.04525671473468956,0.03245142097099876,-0.006883739960207442,-0.030405910628087833,0.045,9.241981100646031,106.41619960326265,48.83928386582283,15,1.1678317585427014,2.6814625912045704,12.191736826013573,1
1762617814000,1,107,1.0,-0.03788860495449131,0.014664298671462718,0.019302714230667217,0.04497980455264529,-0.03795774019671277,0.014604328626445586,0.01925937549687521,0.045,9.252862007440092,106.42331503908126,14.792658786733586,18,1.463512861708588,3.5942267076827927,46.17159669676204,1
1762617816000,1,108,1.0,-0.03396378157543152,0.01091203850804973,-0.022913023892153418,0.04239832198551229,-0.033936567532255386,0.011141809630428818,-0.023004597936638286,0.04248578661079996,9.233066464696865,106.41773843503873,4.759100780680109,12,1.3618899353142864,4.284810284710165,162.36816991535738,1
1762617818000,1,109,1.0,0.027405896012039348,0.03217395288959526,-0.015143092691308258,0.04489498454195259,0.027206753919153694,0.03236482642076338,-0.015404887274383777,0.045,9.246860416809396,106.41424246970945,16.86465383003269,17,0.8948691073211303,0.013522615422166262,238.03017135541725,1
1762617820000,1,110,1.0,0.01877743205493398,-0.01286378934861358,-0.033066296740479124,0.040142857535464344,0.019765316033891443,-0.014146335227338432,-0.03313065185159841,0.041090468607642615,9.24725307779268,106.42352533243191,34.84673804036606,17,1.2036754484168644,3.544024227328648,42.215105402881605,1
1762617822000,1,111,1.0,0.0035108728421932413,-0.029186306703800326,-0.02540611258189507,0.038854051058368116,0.003864148712684173,-0.02961272120792331,-0.02499587445690617,0.03894404501945508,9.237115694628123,106.43011918268434,38.913323378410176,11,1.2949310096726285,1.8160518386406543,260.37010442620635,1
1762617824000,1,112,1.0,-0.020648397823528647,-0.004462207920853101,-0.03794983239863728,0.0434333674873626,-0.0209955679561423,-0.005035791652587263,-0.03836962428241691,0.044027277214734664,9.227115060734787,106.42054653560858,8.394625603826206,14,0.8493884192182054,1.871353496259605,157.5508093341737,1
1762617826000,1,113,1.0,-0.016247354021945243,-0.02703877950588556,-0.011288001770857679,0.03350359822259698,-0.015908677388922442,-0.027553097705664942,-0.011989194741819377,0.034,9.236590480762072,106.42851273535842,35.89725033791304,13,0.9979568801541276,4.07878232176828,93.53276849470623,1
1762617828000,1,114,1.0,-0.0011472578980978886,-0.023987498130899183,-0.029441690628587196,0.03799380757878946,-0.0013359235543492175,-0.02336098067316708,-0.029472975080555373,0.03763211885948211,9.224548820949726,106.42433783059805,18.677492271720293,18,1.1139691961607796,2.9576359652082966,289.67487107523016,1
1762617830000,1,115,1.0,0.024920419377598285,-0.03066171486677925,0.0021433201663648266,0.03956970914553952,0.025427829399395356,-0.030511142737125987,0.002754414286231088,0.03981320305062411,9.234124926578332,106.41302153924454,0.6676147535353227,11,0.9907798594722557,2.706619037400829,159.87127873398722,1
1762617832000,1,116,1.0,0.003198932758564374,0.030674866307375367,0.011420833808101294,0.03288793150445066,0.0034306099779598696,0.03146273016799031,0.012422863017652367,0.034,9.229407947223898,106.41902345540245,6.11770334331495,11,0.7147664741602353,3.1564586744074994,154.50985850078533,1
1762617834000,1,117,1.0,-0.00413397211656481,-0.01649145102350687,0.0395815024393495,0.04307845189508893,-0.0046017647359779135,-0.015731848389780582,0.039216624963045246,0.04250424644593144,9.24089763795333,106.42805243707112,13.003093835241868,10,1.315922205572499,1.9532521375138816,280.8538152815377,1
1762617836000,1,118,1.0,0.033680382323951666,-0.014125638559675883,0.021632134475731073,0.04244821621908594,0.033507086877889045,-0.014717146203406155,0.02168484647193752,0.04253882732194598,9.236469037940854,106.40831862202118,4.799360101650624,14,1.3033728560770523,0.6382986996435042,114.80859028237067,1
1762617838000,1,119,1.0,-0.006628098389017978,0.01507769867520917,-0.0354682597766749,0.039105832521257,-0.007376726306157117,0.01458264568540199,-0.035580057724950424,0.039153673568296604,9.221018136846318,106.40862457644447,23.204091994329783,15,1.4042022309699158,1.659635983241869,233.055879044217,1
1762617840000,1,120,1.0,-0.00627065688229007,0.0393034174968765,-0.011538604592067932,0.04143934314876722,-0.00623431042016991,0.03886187529817864,-0.011893309097227368,0.041116453876622404,9.279521862874505,106.52056726731826,29.078730859243823,17,0.9662236009670427,1.9492112153713341,72.30937208177836,1
1762617842000,1,121,1.0,0.024621131170865816,0.01815354645797356,-0.01905957768153008,0.03604190409139151,0.025476805922245882,0.01797496315435471,-0.01921612479387777,0.03662548829017951,9.26777709479485,106.51614871358889,6.01138950573708,11,0.7054200225328108,1.1584238409742746,24.506783283194416,1
1762617844000,1,122,1.0,-0.011691041316174154,0.03479524488538666,0.009743351264781364,0.03797792000043492,-0.011219724983853579,0.03435812244053565,0.009508996387518927,0.037373571125194814,9.279266996859397,106.5216039583884,24.668411197075624,13,1.044604183851091,2.671419703511178,267.3062498584758,1
1762617846000,1,123,1.0,0.031209124688136133,-0.004220378069912091,0.026342833054240872,0.04105807969421157,0.030167867616492403,-0.0037020914100998545,0.026391560381774058,0.04025320082577002,9.281855726053177,106.51805324707043,37.66323697573279,14,0.7518018057767283,2.841117586194142,58.628206892873465,1
1762617848000,1,124,1.0,-0.02592725788231358,-0.0024894742719419336,0.0338252312711017,0.04269152672358027,-0.025716117585810154,-0.0027375392719031395,0.0332098669714886,0.042091662941922306,9.286991174722901,106.52687009900653,26.214499555904375,19,0.7617112459563451,2.919135746264952,151.5481309552451,1
1762617850000,1,125,1.0,-0.026280441923277113,-0.022773127979474284,-0.007645062504313693,0.035605111519936554,-0.02577494950795745,-0.022273067686118527,-0.007646480446704834,0.03491283760323719,9.279360508466215,106.52007261283178,36.11492884979178,10,0.6399868150081413,2.12528857818619,80.9920640937195,1
1762617852000,1,126,1.0,-0.006838536552548806,-0.04425875713596433,-0.003377197277990626,0.04491111918952018,-0.007063965732128188,-0.04428958865307526,-0.003678685237514366,0.045,9.2775539895137,106.52802334007161,29.311548164381307,17,0.8089537011502275,0.29251396398535967,132.98228833110497,1
1762617854000,1,127,1.0,-0.026889726998061955,0.024664744425362727,-0.009169727549725594,0.03762301076382591,-0.026596085265520042,0.02547115725181339,-0.008666378225710016,0.037831702509251136,9.27680825338344,106.50222586219364,48.67687007828071,17,0.6689040956249698,2.9662273792210425,268.93168695501595,1
1762617856000,1,128,1.0,0.03031750612506391,0.01284254924927781,0.025581229163018887,0.04169510204273761,0.030118840259966813,0.013171936745627067,0.02587168443986987,0.04183286401852499,9.27927113497828,106.51242277559585,31.359986074717085,13,1.482799538001741,2.2156251667788815,109.68599583164469,1
1762617858000,1,129,1.0,-0.005983860914571778,0.037867368812404545,0.015351507825709654,0.04129664641036162,-0.00609266687260362,0.03766359649630537,0.014493049481374117,0.040813178924540866,9.276948181775632,106.52033355761164,15.90097790860565,15,1.0873339841541254,1.8986903493239193,145.17004722651274,1
1762617860000,1,130,1.0,-0.008316523545406228,0.03588593815352861,0.025785632016298618,0.04496514138218784,-0.008730388925619966,0.036077455377770955,0.025440077096431094,0.045,9.28319413237603,106.5436682307974,2.1005200610645094,15,1.3796566812327966,4.388531266926144,130.0497031700978,1
1762617862000,1,131,1.0,-0.005407691194488152,0.02861534294875343,0.02526286365752227,0.038552474062092,-0.004372901075649078,0.027597050118306432,0.02520216941252553,0.03762803186651366,9.281364206526407,106.51175487983575,35.14189531333976,19,1.0804202703431072,0.3403939463907868,244.58368017640902,1
1762617864000,1,132,1.0,0.009348462808925791,-0.017135565510731567,0.0317443112802947,0.037265569376070014,0.009448302516717208,-0.01666703194653687,0.03151285500582996,0.036879810262157635,9.280673850084769,106.53726082213373,6.076970321380531,19,1.3562840538618346,2.23784878777529,312.1861264986845,1
1762617866000,1,133,1.0,-0.005542046474359748,0.03715360675632956,0.007438347349611001,0.03829404373295416,-0.00578586419933777,0.03700543305963013,0.007538286500215645,0.03820607365096914,9.280110132893611,106.5248023598436,14.49277702472614,10,0.9853487413515394,1.9970423340259569,290.042958473876,1
1762617868000,1,134,1.0,-0.03147662149995439,0.011863910711863311,0.004807487961365061,0.03398002382178573,-0.03229529953359479,0.012393979966228886,0.004327367523475815,0.03486148621403173,9.292788399141182,106.53126805482364,46.03332454561419,19,1.0122103307779473,2.762147797254322,48.41626632192635,1
1762617870000,1,135,1.0,-0.04416626203066305,0.005505814671874931,0.0034487151500472717,0.04464153148300793,-0.04446547529147273,0.005853157808693851,0.003682668973713768,0.045,9.271248927637364,106.51758853553063,43.31602078969968,13,0.9322548617374008,2.2441513115405587,354.2427829411606,1
1762617872000,1,136,1.0,0.02921034607774447,0.0129149387780332,-0.028910852171682506,0.04307989478764806,0.029258557085924466,0.01264328593170783,-0.02939098909588697,0.043356038586750155,9.286267492734574,106.52503713553756,47.36788331072854,10,1.4688880731988845,3.7072519714593226,325.4036248287769,1
1762617874000,1,137,1.0,-0.005681749121740725,-0.03934801241626364,0.003420106671941114,0.039902950816202744,-0.006111107545222485,-0.0392383953568765,0.0025219089453602,0.03979142282377587,9.269830291590177,106.52222476913093,43.74842072409981,13,1.0517614719781365,4.74867962624682,130.93025677982783,1
1762617876000,1,138,1.0,-0.003920059457839927,-0.0077979397107536775,-0.037075183951162854,0.03808863340811945,-0.004452513620656545,-0.00776959619411192,-0.036992948260654836,0.0380613941360163,9.302173028994066,106.51757589162246,48.85123642328081,10,1.0132373146154552,1.7799265971038651,29.487759377074752,1
1762617878000,1,139,1.0,-0.005664442466017148,-0.009867189113037276,0.04300125926887149,0.04448095803995195,-0.006307273068310575,-0.00981519886214009,0.043235495015302834,0.044782003656378175,9.276144939863547,106.51842741044211,16.31543814683069,15,0.7284811830412169,0.09506497382519408,244.81398295941295,1
1762617880000,1,140,1.0,-0.022022375954013157,0.031102802299074445,0.0235164466065834,0.044781610226916756,-0.02239607200316927,0.030438730509990235,0.022945917512936266,0.044211033540751205,9.279032215971887,106.52160107540153,49.148092960258175,15,1.329675737191506,2.1215483261701378,346.54111076379235,1
1762617882000,1,141,1.0,-0.03121635822790319,-0.018074385209028227,-0.0084247987650692,0.03704216051918447,-0.03115375082238443,-0.01821619503167849,-0.00889428730389637,0.037168458380455044,9.280895249230753,106.5253100614466,19.673574884560047,11,0.5250510036329057,3.1843710430521552,149.379865110367,1
1762617884000,1,142,1.0,0.023473636697070893,0.03511792803175096,0.00654855208548625,0.04274533920143388,0.023445437137204324,0.03463292930716815,0.006873688150209894,0.04238367496732961,9.283054764747119,106.52474959099006,19.259060562172426,10,0.8995172723908447,1.7402601273648828,224.92523191177824,1
1762617886000,1,143,1.0,-0.03589978833000575,0.017383737549678372,-0.006048428898997469,0.04034318561394901,-0.03598734489177149,0.01760335987478253,-0.006565885694088957,0.04059652849922339,9.271734680095923,106.51497221807168,16.800190434825968,15,1.4499025793315723,2.363852829241452,147.01960380093237,1
1762617888000,1,144,1.0,-0.007176254866853087,0.004379927729246731,0.036828930055153815,0.0377763482861283,-0.007889588191139184,0.004124819177791514,0.03570097257502093,0.03679428186386624,9.291102261226618,106.52425081720634,39.15285715479553,14,0.576035576199604,2.554231310119432,15.345314336141204,1
1762617890000,1,145,1.0,0.003670480105515785,0.04077247232777373,-0.0004657146212179023,0.04094000261397742,0.0033078421499218445,0.039932028513173706,-0.0001821192947923789,0.04006921372204917,9.278167570976478,106.52064072619041,38.59944169797412,15,0.5459373538815957,0.45784571550523623,302.74701850215695,1
1762617892000,1,146,1.0,0.03190064431787071,-0.0011766678453951668,0.02476137573929889,0.040400017123962004,0.03190445136859732,-0.000841410212041626,0.02484671708423812,0.040447018903008045,9.282610287284568,106.50870599151818,23.457172935531155,19,0.7362516493432545,2.8926257460667766,58.8715342988023,1
1762617894000,1,147,1.0,0.02730145337009768,0.034398383616269984,-0.00029548357964244405,0.04391702929476819,0.027111846892121424,0.034110346959465854,-0.0005934304633707271,0.043576601190453486,9.293033982674167,106.53209796494872,45.89166332300299,16,0.6279427136357472,1.9703814145641756,334.4721738917286,1
1762617896000,1,148,1.0,0.023550835123972342,0.030632095010149976,0.014186755986478804,0.04116103892235079,0.02361011910253417,0.030982846915643545,0.01492134420150218,0.04171355942393018,9.273584907483853,106.5242461006666,10.343124104055661,15,1.1016483103455383,3.7106594064847283,78.36724658402817,1
1762617898000,1,149,1.0,-0.01340231607392896,-0.026944800922944014,0.018442547784941688,0.0352954946377358,-0.013723312410538322,-0.026680906374306028,0.018133791971908227,0.03505758804812679,9.288541433511888,106.52475490376175,5.082521147320201,13,0.9006687052213179,0.06232890504957789,44.12428505674606,1
1762617900000,1,150,1.0,0.01883491215627896,0.0324320722789949,-0.002436972405774685,0.03758366750000859,0.018182435053003,0.032899071422543016,-0.0023719453779862546,0.037663987704416126,9.291788233376984,106.52682495894483,38.884089592423656,11,0.7177333962202095,4.702840373183521,215.3490662620672,1
1762617902000,1,151,1.0,-0.03635048376116526,0.003514212022847723,-0.016590379434849402,0.04011169462394403,-0.03725339964798097,0.00256443339603994,-0.016220752702093635,0.04071246642242879,9.28351863380644,106.52018440216442,25.293823932456256,15,0.6533420769304197,3.364850587373595,332.5788403625914,1
1762617904000,1,152,1.0,-0.03273185572031458,-0.011552085056807515,-0.0043319198241943135,0.03497985959689452,-0.03317451515161937,-0.011005036243855945,-0.004982434174043628,0.035305579283907575,9.275843494005327,106.51554975825997,32.69571644366081,14,1.457055314228584,2.980076767839635,96.60458929068011,1
1762617906000,1,153,1.0,-0.017060918326605314,0.03465760047534796,0.021531929499897032,0.044224972502472766,-0.01683715613870925,0.034318308666639624,0.02133688885236602,0.04377783642982198,9.295215824588904,106.52225674520444,11.577579381060094,15,0.650446949899704,2.450260975696683,178.178872384516,1
1762617908000,1,154,1.0,-0.005646998539239965,-0.02980534711450476,-0.020829894112929466,0.03679852983305378,-0.005724758492692362,-0.030205658783767127,-0.021099837549295616,0.03728750228920793,9.2888496393488,106.51821554394395,35.505474205233064,19,0.7932429090607512,4.997017650750689,139.2223312348691,1
1762617910000,1,155,1.0,-0.011779804867848893,0.03514226033647412,-0.0002521828176351012,0.03706488716365705,-0.01159426183396321,0.03522230398148367,-0.0009035008875683004,0.037092504891047366,9.276197269838498,106.52725932525594,40.37009570275576,16,0.6892670401313566,4.514850686846938,45.67884629316136,1
1762617912000,1,156,1.0,0.003918503268203335,0.038483004686287355,-0.0034330980524156316,0.03883403764463895,0.0052355099282750265,0.038406156341937295,-0.003652562553185116,0.03893307876825729,9.279587136286061,106.51646086484526,20.046350880852497,12,0.5781530843801843,2.35637648429835,261.90933119920743,1
1762617914000,1,157,1.0,0.03570334041858612,0.0013319528949616848,-0.006726630432608974,0.03635588222745727,0.03559647148175772,0.0016599487224302112,-0.007652047850317917,0.0364474697066373,9.286176400967218,106.52903996204763,40.27519192952187,17,1.3900944501766368,1.2697342060138066,222.8581303256556,1
1762617916000,1,158,1.0,0.01990908664874933,-0.026567959701627224,-0.01496695644987833,0.036417550703846786,0.020051140712921203,-0.027086666888277933,-0.015065921633202058,0.03691500726891008,9.284072595841543,106.51039649809354,3.7045424953677406,12,1.4689832512527343,2.1314236809253213,245.7383655207914,1
1762617918000,1,159,1.0,0.00037426020391895953,-0.036460277538685665,-0.025927894792439975,0.044740894462069705,1.5610094680746815e-05,-0.036361451742889,-0.026511216182485826,0.045,9.275018986941966,106.52563109921948,33.475898173374816,14,1.057852575966188,0.9596320399329711,272.05171495387293,1
1762617920000,1,160,1.0,0.009174299786663731,0.027315583413107948,0.030419428534520027,0.041900483364047336,0.009514858786521368,0.026876368431224384,0.030092167098290167,0.04145371199844201,9.277761278323803,106.52121898669606,28.591903535578826,16,0.5978608616426979,1.8103454367364769,126.49871360389564,1
1762617922000,1,161,1.0,-0.031097488799768563,0.02263440828267516,0.017416821134012543,0.04222222052868313,-0.031277164390309725,0.022865212882063325,0.017620837156216162,0.042562575985558265,9.28844607760964,106.52704999988279,28.00608339892498,15,0.5347975209657942,3.5871765444354216,192.0270452660988,1
1762617924000,1,162,1.0,0.017502438244705144,-0.01013168869745944,0.031567208336735264,0.03748966661023798,0.01879461165440035,-0.010314456195621647,0.031117636398787184,0.03778799715383503,9.284437050316617,106.52766821953507,19.119038951094154,14,1.364609450667641,3.8817357123742813,223.34269953065848,1
1762617926000,1,163,1.0,0.025146918245995423,-0.005397501546148217,0.026661386082657584,0.03704497304709476,0.025234449516358667,-0.0057195239556135724,0.027324258884816197,0.037631177503194724,9.263569361296609,106.52100929967628,33.180950088797026,10,1.281268224283345,1.226613541350191,283.83498567303343,1
1762617928000,1,164,1.0,0.019754385943832137,-0.0288107584706162,-0.008224509373699021,0.03588785479947386,0.01989424973952237,-0.02857675289535499,-0.007320329674531103,0.03558088258158426,9.298201452608163,106.52655623155248,5.150348758064421,17,0.6536536493360554,0.7917365583999314,352.83906137229076,1
1762617930000,1,165,1.0,-0.028446281076096175,0.02167028747110076,-0.014846839036826938,0.038719773960159715,-0.0284302335199917,0.022134323234194852,-0.014198602188980001,0.03872733849824934,9.281851396359201,106.52357685425963,14.364858744910268,14,1.0785636034533357,3.0072658274324517,287.5716118180273,1
1762617932000,1,166,1.0,-0.006329989203361049,0.024146159501694908,0.03318401145647527,0.04152450358931989,-0.007024985180892452,0.025442620482767884,0.033394092070001775,0.0425657460759432,9.277549836636437,106.53654731989646,22.15210311264452,11,1.4199049328315367,0.373959141081624,65.01041992805912,1
1762617934000,1,167,1.0,0.0018100578313200875,-0.01664058026628388,0.04130419123274036,0.044567044263021806,0.0018680757597041872,-0.017234757640962984,0.04122428568073441,0.04472100521984642,9.278849881776704,106.51851013728007,20.014892696593744,11,1.2669762792601367,1.995974305639342,50.18089689941342,1
1762617936000,1,168,1.0,0.011480401576167866,-0.014879434082125314,-0.029318713223980584,0.034825050237787224,0.01140626705495467,-0.015159760131758066,-0.02901315433326877,0.03466531955351714,9.284619182286951,106.52105431170367,33.990053869399,10,1.1483098836635537,3.055566503195128,32.812610739250225,1
1762617938000,1,169,1.0,0.030242219555407495,-0.005764322494395408,-0.013873745653198795,0.03376832948054311,0.03061851304419867,-0.005937170564962028,-0.013537232532714523,0.034,9.2736986929461,106.52622451673622,31.929999948624822,16,1.1245789389572338,0.9571068750247447,90.9844311775245,1
1762617940000,1,170,1.0,-0.031159989655319124,0.005990458093773095,0.028450885182456337,0.04261787666177375,-0.031218395892237644,0.006218079613165953,0.02906022760911739,0.04310161928343132,9.27935136294276,106.52810071532402,11.255116684102829,10,0.6886919154994111,3.2599866084519173,185.63849927582396,1
1762617942000,1,171,1.0,-0.035101987119579924,0.012710513724934216,-0.006487238794979219,0.03789183191768352,-0.03540914812371362,0.011298461553439203,-0.0060216365893938344,0.0376526640695763,9.285913993888583,106.51349392015096,38.35719836849771,10,1.0322336080874677,1.3368787017709556,8.470146944754617,1
1762617944000,1,172,1.0,0.031005825870271717,0.004080611835906343,-0.027914708362574286,0.041919489188449385,0.030493763770303987,0.004048724538367697,-0.02773796393914011,0.04142048337182609,9.28621849804423,106.51073525562842,1.0850633919367414,19,0.5202531030966249,2.566811578206007,133.6944538882047,1
1762617946000,1,173,1.0,0.011979649824041441,-0.03690609250500817,0.015791847915781785,0.041892172711498955,0.01203515191338085,-0.03770518709160491,0.01509774764074833,0.04236116144553648,9.275120750778786,106.53058944962204,39.816777885759876,17,1.1314451158094843,3.088024988712368,328.86459737430175,1
1762617948000,1,174,1.0,-0.038435095004108744,-0.021497754493192796,0.0016798024677218896,0.0440707580211076,-0.03849320392837841,-0.021293324880583574,0.0021834749387435134,0.04404429583896112,9.28143167654338,106.51809979121326,49.31160432417686,16,1.0174165101769277,3.4209107703975947,341.52732173001016,1
1762617950000,1,175,1.0,0.00921466601414887,-0.037323242261240445,0.008272973032835702,0.039323994779848874,0.009862650290076979,-0.03710974684493296,0.007995633293256985,0.0392216181894578,9.28549905509856,106.51708363525924,42.67028237716804,15,1.050461529778555,2.247279836391262,220.93807035930084,1
1762617952000,1,176,1.0,-0.03613234108595848,0.016944114522942925,-0.007590390619049894,0.040623430665915075,-0.036032763590215657,0.016639104030445082,-0.008219866894425299,0.04053129712514039,9.278453752698779,106.52053579646525,12.274403717448672,10,0.9278577836133525,3.980806074745379,240.7268653383016,1
1762617954000,1,177,1.0,0.0048118214996310405,0.021440868441220427,-0.02933676996699186,0.03665392936308779,0.005885878204531199,0.02130385173838196,-0.029273820233165583,0.03668043364210993,9.293795196504709,106.51553023995531,25.625880621787694,12,0.5861236416539007,4.237130771624796,178.33804609739843,1
1762617956000,1,178,1.0,0.02891156064596575,-0.016337809204704994,0.016635064366975826,0.03714199395681561,0.028667010321363942,-0.015941147735030265,0.016797774956261887,0.03685217653485973,9.288226143323488,106.51421529436843,17.568642196282564,15,1.4932941454484596,2.310839982631115,18.341262804686544,1
1762617958000,1,179,1.0,0.015619867115364387,-0.016490914094478327,-0.03271178537666188,0.03982450751612499,0.015830367882433298,-0.016158302546661465,-0.03193490705841957,0.0391347617510637,9.274306788170357,106.52664538819967,40.903809977361114,12,0.8016482470379287,3.981542495229751,98.15936398579451,1
1762617960000,1,180,1.0,-0.01536861613027875,0.01037397153876356,0.028381837640912507,0.033901952084239316,-0.015687306473893728,0.010119545325364588,0.029047039426411164,0.03452864436142058,9.277364898786272,106.51782319808493,13.884509176726429,19,1.003756884555353,2.6458244938605464,308.98343602476655,1
1762617962000,1,181,1.0,-0.0072455920986529854,-0.015156635421216369,0.029620021418234117,0.03405242826830975,-0.007411663312520376,-0.01635371652960173,0.02887253370612407,0.034,9.27346914348794,106.5218038013267,28.519057209583305,15,0.501043245944031,2.8628835017360506,50.93040141409848,1
1762617964000,1,182,1.0,-0.014470156674396203,0.02021998887671605,0.029826935010046702,0.038831423312179064,-0.014675132109367835,0.020433217404026257,0.029351108708570307,0.038656997533821895,9.281386353364597,106.5117008280885,49.12632694665979,14,0.5895022999111458,0.35267833318046893,310.23354958167886,1
1762617966000,1,183,1.0,-0.007405738052656031,0.002142508059623393,-0.04290807447117111,0.04359516202187663,-0.006969600892182226,0.0019433177872869314,-0.04274406986207319,0.04335213176987363,9.28121389302193,106.51848440357396,1.6694807765948394,12,0.80984125296763,4.699587065154861,320.22745555099016,1
1762617968000,1,184,1.0,0.017438443795350866,-0.03567343941046568,0.01121808364707486,0.0412618346912561,0.017559324273783077,-0.03610552469274897,0.011310451182787262,0.0417116900670398,9.280268527452652,106.52486150661599,7.105631111904348,14,0.5533353704394426,3.891298563211541,262.31977723203005,1
1762617970000,1,185,1.0,0.007661403219077428,0.025253227763802417,0.036137835496558496,0.04474780180245835,0.008124926097799422,0.025270278112666463,0.036337289662463655,0.045,9.280277850049616,106.51186088823313,48.41906856470704,12,0.7351850116531699,2.9793074650956166,172.07320236304926,1
1762617972000,1,186,1.0,-0.033372289878445725,-0.005061777354195199,-0.01767656181207283,0.03810239046582886,-0.03351067393564179,-0.004905577074083049,-0.01812129131792498,0.03841108112354786,9.281478855748096,106.51942567997219,21.35272531528747,16,0.7824834840362609,4.248403003774059,92.47148854609266,1
1762617974000,1,187,1.0,-0.009425503022867958,0.00998578411940873,-0.0389276016795553,0.04127849517891423,-0.008606259362758115,0.008889436322421417,-0.03871547139363244,0.04064452612075356,9.271322975801004,106.5200927908169,39.34393161681381,16,1.2660397817905653,1.1768331671684167,240.16807987095507,1
1762617976000,1,188,1.0,0.02324046053666791,0.03195030091388917,0.016510785955276663,0.04281993446171358,0.024261076809167927,0.03206445029631443,0.016237246179283515,0.04336331380593302,9.294924267255855,106.52611429072702,47.994757114315796,14,1.0974634656114113,1.016105216177181,143.1555149006265,1
1762617978000,1,189,1.0,0.006563031231590689,-0.03277907743718208,0.026914729944362125,0.04291787488398695,0.006564764050103633,-0.03371722847784444,0.02686592985364364,0.04360878134231221,9.275455465414723,106.5219369949126,32.46043818730131,19,1.058080895269773,4.585341804475865,24.803692919650878,1
1762617980000,1,190,1.0,-0.0062932299671655855,0.019852348198573535,0.03002307684063768,0.036539097079647045,-0.007137530954315282,0.020521376171608957,0.030354815137205428,0.03732942579406231,9.282172285405348,106.51627289379564,25.489862355047276,15,1.2888843434859374,3.55132705914913,141.82280600026462,1
1762617982000,1,191,1.0,0.00886826359863425,0.02998979342807441,-0.025543307695172872,0.04037938059361131,0.010065189991222861,0.029445820084564443,-0.025401486415955504,0.04016963881032444,9.270365612422049,106.52924915020124,2.5623187935616523,17,0.8388251041617542,0.8661515839869383,278.2655242742715,1
1762617984000,1,192,1.0,0.03054047498891072,-0.025537432896975108,-0.0010878622152201243,0.03982542574430425,0.03037318372374367,-0.026428443133985517,-0.0013071588174955607,0.04028277001618372,9.284978443082172,106.51774138216895,33.61166509356098,10,1.4021662268655473,0.3627599937475279,204.56981300359004,1
1762617986000,1,193,1.0,-0.029731686646569406,0.015157348051361132,0.017587756834903295,0.03772330289467748,-0.029831727459977548,0.014690613399552398,0.017398158671341857,0.03752921542551449,9.276611876568381,106.50966017330578,8.3934093187166,12,1.2274826997616342,4.209945371540697,115.33653449646852,1
1762617988000,1,194,1.0,0.03403950674039361,-0.01850310215518469,-0.006069441608959957,0.03921595249307451,0.03420647260389965,-0.018183303661432587,-0.0064218340638934794,0.039267738065610396,9.279812939895182,106.52154388331536,4.719785663992476,14,0.8817319079596079,0.8557012103928308,264.81214557356697,1
1762617990000,1,195,1.0,-0.005123673711815374,-0.03337382675640294,-0.01703298520641111,0.037817812333784784,-0.004344469949579976,-0.0336902947071299,-0.01731530208544717,0.038127812196693894,9.28523322613597,106.51914655721708,9.005558156643517,19,0.7026859266759775,4.121119131581516,50.34347833787474,1
1762617992000,1,196,1.0,-0.009293949404339648,-0.02500613500948231,0.025743522799057506,0.03707307985248158,-0.00982281538597607,-0.024727663150605907,0.025452618410298146,0.03682092897982137,9.278428096760003,106.52482308570453,4.453956383354374,14,0.5397522680565102,4.173621509968461,3.9467359334564867,1
1762617994000,1,197,1.0,0.03259872327943131,-0.02085333874943753,-0.009491060317874757,0.03984493345966669,0.03306050273762738,-0.020915914236807137,-0.009385624559070776,0.040231359136747684,9.287807001421003,106.52009389687808,39.59290995315528,11,1.0892340180590794,1.1179381331459382,266.0874407731268,1
1762617996000,1,198,1.0,0.027978554233605422,0.01902032081863188,-0.02034160743843505,0.03947598123195771,0.02779482404204325,0.018229042609371953,-0.01971308479961519,0.03864525779832841,9.285311162795706,106.52423732163624,13.222715744913193,13,1.0069673005545403,2.1553974188018907,52.09030909624101,1
1762617998000,1,199,1.0,-0.007633806045875731,-0.027420070949615995,0.03294639839360676,0.04353849391903994,-0.007493047727933147,-0.02745759188100792,0.032131947954813875,0.042924668845873974,9.285354340216747,106.51017962973302,3.6952215343367953,10,0.652764869695282,3.6898485345603884,248.4710375461976,1
1762618000000,1,200,1.0,0.017972919398638078,-0.03451355486408104,0.012022746690486438,0.0407278496737733,0.018706384228565267,-0.0345865948942813,0.012556521850820486,0.04127744660559775,9.28294315176603,106.51859053419875,42.13765411944983,10,0.8952942291731529,4.6811005206277745,231.58348704887092,1
1762618002000,1,201,1.0,-0.03160301777459643,0.0052100784426018535,-0.024604738413018728,0.04038921640998501,-0.03234389742623775,0.0050648630224069575,-0.024496269897840102,0.04088823519134277,9.289785772660638,106.52364692595661,11.562743686192889,19,0.5017320836833004,4.2889750276279655,17.98099500389688,1
1762618004000,1,202,1.0,0.038586000709759344,-0.0041103343421648635,-0.014503258596970145,0.0414260643690481,0.037655401904866805,-0.004350498122609909,-0.014931621134263244,0.040740758905904735,9.27681799536106,106.51648091979645,20.541216854535072,17,1.0720655539915915,2.8493074012668558,26.653014616963667,1
1762618006000,1,203,1.0,0.013500257285332993,-0.030703937242858696,-0.017031832747832636,0.03761744323759572,0.012131671612492418,-0.0313450328173492,-0.016795306032222276,0.03757353913527517,9.286323979817848,106.52810227029146,29.94054359554087,18,1.1088941931235503,1.3290904286229432,284.42763298744137,1
1762618008000,1,204,1.0,0.01280792688364963,-0.03724839043171881,-0.014665595107413163,0.042030527722897525,0.012512017196008635,-0.0368794123187167,-0.0153046744481326,0.0418434545329428,9.26885986127685,106.51037713281275,23.817464185488046,11,1.3159929634755887,0.5289783683689692,256.2613452035665,1
1762618010000,1,205,1.0,-0.02697768085158547,0.02676192422362713,0.021414453023394314,0.043618512704725776,-0.027480604356570633,0.027735568728944095,0.022373077827595587,0.045,9.290019976428121,106.52336982436918,13.020889103243116,10,0.7363881158624825,2.5450307567354735,21.38332653662865,1
1762618012000,1,206,1.0,-0.015148074733165625,-0.007717275907876283,-0.032546319101622485,0.03671897877970594,-0.015251482308196488,-0.007668555433931854,-0.03235869654127034,0.036585512117374236,9.286424259543944,106.51886830454146,10.045678962310228,12,1.299826993955459,0.7283993109128639,172.06156351800269,1
1762618014000,1,207,1.0,0.03384011045141795,-0.0224002440647527,0.003834005919295677,0.040763017686548296,0.03309269926410538,-0.02266611554194051,0.004296587700132682,0.04034030495930899,9.272717962397085,106.51756623922057,2.463952080677995,14,0.6501334415360658,4.603858918593629,169.02298666514102,1
1762618016000,1,208,1.0,-0.03124800893001154,0.02922652583060049,0.016854293213471584,0.045985813833643446,-0.030630293145044795,0.028579921296954375,0.016430862439583478,0.045,9.281477075606736,106.52398384757267,17.998851381769626,15,1.479241460680013,3.4929141102284462,91.7084364560156,1
1762618018000,1,209,1.0,0.0064393313695014645,-0.02731078547261158,-0.03532467478071785,0.04511293207031373,0.005102825815181658,-0.027078849137783658,-0.03557663696968937,0.045,9.284743480744007,106.51982295493536,20.96620089661621,13,0.6293933077428389,2.429848817113025,344.4090537883131,1
1762618020000,1,210,1.0,-0.03025164019191642,-0.007959133034862067,-0.027817297192208896,0.04186062058841792,-0.030614123924225734,-0.007683278289738637,-0.02835110224469878,0.04242690593732689,9.282683833301096,106.51926381060271,7.233760871074679,11,0.8157042744109195,4.801438654803837,5.056531866292757,1
1762618022000,1,211,1.0,-0.013344884183054035,0.041522397259805735,-0.01077783419642955,0.0449261295687262,-0.013434541118866326,0.04162559627553806,-0.01057463189105899,0.045,9.27707312008837,106.5311366182039,43.041827370595655,14,1.1783508065361588,0.06426343337149032,112.86117020694078,1
1762618024000,1,212,1.0,-0.03235016314512902,-0.015622091353323627,-0.015298348308718082,0.03904641154757899,-0.03251622890437228,-0.015913089252313443,-0.015201134090400763,0.039263291117123296,9.278695741325059,106.53270290301609,30.54733743839211,17,1.0293193689716311,0.840144046959157,331.6987295406863,1
1762618026000,1,213,1.0,0.013103656314447798,-0.02097291938746621,0.028905190777446355,0.038040494349060365,0.01270216380007159,-0.02073583186715978,0.028555926403352503,0.03750680766448476,9.285255121881274,106.51527603782495,29.9021463974883,13,1.1154876478506546,3.543598800305994,37.24072523865309,1
1762618028000,1,214,1.0,0.03835433030471876,-0.020757536470629594,-0.0032364887753832793,0.04373105113127476,0.03831989693038665,-0.02112057936742761,-0.00270232431269044,0.0438382929670194,9.277740632297183,106.52007934236295,10.047584116924774,11,0.9148122927034205,1.3734519462880228,310.23748138900885,1
1762618030000,1,215,1.0,0.004811037500376056,-0.04157303444539561,-0.0004266736067623912,0.04185266210403804,0.004945367827501425,-0.041574250055223916,-0.0002399756766687519,0.04186803696053786,9.28048278532618,106.51412752744376,44.65291374361144,18,1.4063032021190933,2.6328348002371724,202.82542219165325,1
1762618032000,1,216,1.0,-0.033573265846600586,0.0038337657274588642,-0.02234569440956192,0.04051162793452125,-0.03346449270852947,0.003411703259570813,-0.02236434610451546,0.0403940090614084,9.284317777231427,106.51320501493163,37.92290602811317,18,0.845715807497007,1.1122903242015063,53.9595485120926,1
1762618034000,1,217,1.0,0.0074232176070779775,0.02921410910820429,-0.01888388921535331,0.035569222686556344,0.007479856165559671,0.02898371923948822,-0.019187615360019568,0.03555515170007013,9.274356469880752,106.52565077025773,22.861517612164118,15,0.8547124925566439,0.2510712869553894,330.4160265003067,1
1762618036000,1,218,1.0,-0.014970908360691445,0.020735558888892884,0.03386305995609228,0.04243581422771179,-0.014785888653938626,0.020611454977790725,0.03344597747040974,0.04197723178747404,9.276820823282188,106.52168042043257,40.37083683450858,15,0.8633166795291853,1.9897435241779238,207.92202011379945,1
1762618038000,1,219,1.0,0.029847559708735136,-0.023767261650621995,0.022055028618690232,0.04407021482029423,0.029454503353612795,-0.02309353985767894,0.02280644168934197,0.04382936382718267,9.263430022378575,106.52615877920428,22.964660787574136,13,0.9443905521615937,3.3259563646341332,117.5022081983159,1
1762618040000,1,220,1.0,-0.0029269377674765147,0.008419292139698125,0.0333055452461269,0.03447768537721274,-0.0024079997528984997,0.007546526544999989,0.033426953225485084,0.034352725185101636,9.272949095905487,106.51523464142191,32.98806972556473,19,1.3061808614124115,3.76016038272585,214.2989394808392,1
1762618042000,1,221,1.0,-0.01798742623666198,0.03089836147823252,-0.022570728057174017,0.04228113065765604,-0.017847686756964135,0.03128294741508934,-0.022642548974539604,0.04254230536318386,9.263711608486338,106.5274142438367,10.576367589800423,18,0.816022423090781,4.099251224762911,156.42188712241557,1
1762618044000,1,222,1.0,-0.013848833618241681,0.018703423721150667,0.03149115633494583,0.03915738983628302,-0.014850984089430997,0.019342392465217597,0.031164826920336213,0.03957178681431446,9.282356170718588,106.5218140033602,27.138516299894377,10,1.1105624985259162,0.7227904351383979,199.42729316938969,1
1762618046000,1,223,1.0,0.040854360684055915,-0.014149315490285386,0.004176551423554903,0.04343645355620279,0.040270012493172844,-0.014517388705024193,0.0041463832777322625,0.043007220036860305,9.288166276132976,106.5141768752344,24.182408350057262,15,0.7449145686928063,2.574781045501765,214.55976871688236,1
1762618048000,1,224,1.0,-0.03914974356274027,0.014112669991579948,0.00913578445320123,0.042606718166210804,-0.03948746403622017,0.013826597540457482,0.00907618429486448,0.042811350561643244,9.274299232944369,106.5174687429676,32.682318785605865,19,1.4696673600466719,0.41448055423148,35.31545012940497,1
1762618050000,1,225,1.0,0.009815379732145042,0.005643603465440979,-0.03472676409042564,0.0365258823788477,0.010104821847946225,0.0056819505086567355,-0.03468598678662363,0.03657197923989601,9.275464559123424,106.53475792977109,10.293257448836906,15,1.4133714924385696,3.153511225661074,227.35462684853175,1
1762618052000,1,226,1.0,-0.013852724679758465,-0.03521219021833147,-0.02249132359466619,0.04401881368307346,-0.013631159593763086,-0.03533059315203256,-0.02256328437357768,0.04408130132003845,9.263179150459766,106.52467617373807,31.930044595139968,16,0.8610777716800114,4.01957155188561,207.63828832211536,1
1762618054000,1,227,1.0,-0.017278851094214207,0.010040790175259837,0.03336436432801055,0.03889160538589073,-0.015967231599897498,0.009592044391027114,0.03293964612303213,0.037841512750876986,9.282213774750753,106.52910102387693,44.55520959201713,18,0.9133692036329348,0.5870570198681213,2.6403851860833782,1
1762618056000,1,228,1.0,-0.010304869626997289,-0.027912942466224482,-0.03053980551077019,0.04263803953968614,-0.00983297864584624,-0.027744444057404057,-0.029769152059837833,0.041864591953891514,9.274502870770046,106.52091666642197,23.32609713094626,14,1.331111122337826,0.8828064112870754,348.2967847851861,1
1762618058000,1,229,1.0,-0.03838805458490902,-0.004974638965487263,-0.008014202460316746,0.03952995331044353,-0.03873735232416701,-0.003909456541689612,-0.007747441923469573,0.0396974705982074,9.274853924849234,106.51229255864864,15.068797412389962,19,0.7150658854995328,1.6765776258811005,319.3029414741149,1
1762618060000,1,230,1.0,0.003986584964518253,0.035748194529608264,-0.021919167378640435,0.04212215771276315,0.003548104560338356,0.035580655233228384,-0.022096217302368083,0.04203349725957176,9.279704196543193,106.53028235858795,16.43905100521343,14,0.6496482313905623,3.582878627094414,62.99906442292241,1
1762618062000,1,231,1.0,-0.035455093461505854,-0.001775946839779179,-0.017420340871381758,0.03954346868468889,-0.03543987467236038,-0.0021090130062168732,-0.017140977000996597,0.039423923513543103,9.274869099985555,106.52562616292239,6.958918200465969,13,0.620766134087389,3.8979824005447887,62.8512145619126,1
1762618064000,1,232,1.0,0.024529507357052276,0.001208721285822168,-0.02558010402892767,0.035461238845494986,0.024295188942499244,0.0013078782179481688,-0.02618045781584744,0.035740496955583706,9.281836807822454,106.52539984942379,49.587301053365614,12,1.0451947273101647,3.0711574088075007,23.827132845928677,1
1762618066000,1,233,1.0,-0.03688060100840159,-0.00284495005312462,0.00528610644595616,0.037365965702811234,-0.03695405027605771,-0.0031813411456914726,0.0048081267922870305,0.0374010808204974,9.279908204524911,106.52306328270518,38.54741169376517,12,0.7259213163154021,3.4377219897459472,29.54154541191208,1
1762618068000,1,234,1.0,0.04378965294586925,-0.004996776918203301,-0.0008334310231858258,0.04408169792510689,0.04326825518855905,-0.004572597165677578,-0.00039007180781074725,0.04351094928770319,9.27869576565657,106.5243370329219,10.947673777429683,12,1.090462894172368,0.8078768060739777,211.99175605918444,1
1762618070000,1,235,1.0,-0.015457373170277728,0.020220633943822272,0.023980982187874787,0.03496987173425786,-0.016457188392902854,0.021061287494601594,0.02406169183663711,0.0359636190444044,9.285420290767751,106.52524241467086,39.948514915856336,10,1.3138143287763422,2.781552227951064,129.36895420055987,1
1762618072000,1,236,1.0,0.0008552520847732481,0.018456866781003497,-0.029979100282891784,0.035215534090396836,0.0009948137504558205,0.018056728798702345,-0.029333904409908594,0.03446031133402073,9.279206725529912,106.50889272124691,31.25874336718531,13,1.393848757927656,0.5271764964499726,343.9223852234814,1
1762618074000,1,237,1.0,0.019449258954659404,0.020880268424377093,0.02564021087180998,0.038362477721209834,0.019528784099644064,0.020165866276825973,0.025249457857313567,0.037756730435693074,9.269205228855885,106.53403350292398,45.62083262711928,11,1.2203821866019657,2.024598006811252,96.17568523593404,1
1762618076000,1,238,1.0,-0.008882467959876426,0.03378136545805644,-0.018090185195109843,0.03933616261994008,-0.009054669276810553,0.03416224415652976,-0.01720234543208623,0.03930606378012923,9.287401191101809,106.52836560182017,0.023487499840690873,16,0.6397361749817077,3.3173342137293576,26.221579041965015,1
1762618078000,1,239,1.0,-0.03510486810257403,0.02539100968161977,0.009494605383507305,0.04435315849564441,-0.03534314418626734,0.02633274553121099,0.009080125099204561,0.045,9.284090183765203,106.51674332080319,23.172313396274003,16,1.2741681077558096,2.8676635971033515,251.62875968809848,1
1762618080000,1,240,1.0,-0.012783320731194115,-0.023228492747675245,-0.030285587453917483,0.04025162073350914,-0.013906886879111324,-0.02271586385465451,-0.030504087129044608,0.0404958183632328,9.332085661225825,106.36109616911067,28.44031057431391,11,0.828598141274932,0.16825502179443952,151.4502393406202,1
1762618082000,1,241,1.0,0.0028544943248720654,0.022804732594622977,0.0361642771837939,0.04284925799578404,0.0035091267684362183,0.0235816325461226,0.03629328100368855,0.043423606600903206,9.326746873481797,106.36445181916324,41.04517882280355,10,1.3746600400592839,4.3782350480647105,157.61459329299316,1
1762618084000,1,242,1.0,0.014374298793896257,0.003837185822573085,-0.03402026305076611,0.037131156175057155,0.014339589615511392,0.0038701400134193847,-0.03535975114456623,0.03835249424835893,9.325122675086911,106.3740148224,45.97374102240335,10,0.7389174103099101,1.860312509692263,137.70357840132692,1
1762618086000,1,243,1.0,0.006838415523101961,0.02036526527222706,-0.03643837158246602,0.04229967943207899,0.0062642469414320254,0.020930799631244175,-0.03659555675759754,0.04262128502690968,9.333759452463246,106.37555161757051,16.387516715462226,18,0.660873928800677,3.2552997506806323,225.304939438601,1
1762618088000,1,244,1.0,0.015585921986785664,-0.03259858401745005,-0.019719120414418922,0.04116348325930729,0.015483713659263576,-0.03239967795163737,-0.019481691462023998,0.040853651272234906,9.331573371442913,106.36453285820754,7.925402872967497,12,1.0526248698415972,0.4554467403645218,149.377738220775,1
1762618090000,1,245,1.0,0.016958863657922898,-0.032597120309356895,0.011402828908610628,0.03847336502243796,0.016230007369742328,-0.03225875170549297,0.010416498269551431,0.03758382147970193,9.31810734660583,106.37267790161812,25.392777239200235,13,0.9254131433259053,0.023095745276071056,221.75455417200297,1
1762618092000,1,246,1.0,-0.03838667808742478,-0.0031882628683856436,-0.01585490397965727,0.04165429215470665,-0.038401431903935725,-0.0026015656149244665,-0.016014526627822517,0.04168816593512608,9.327160135879371,106.37441810519313,46.97028972830299,19,1.0862411257990865,1.4041353093936033,124.58196875978597,1
1762618094000,1,247,1.0,0.034683299010297056,0.02422821389851585,0.004486183817339447,0.042544840159446685,0.03525441141817993,0.02337231053462877,0.003727689575593413,0.04246214895340793,9.325269611310492,106.36644665605138,33.92467413765681,17,1.0959714053714338,1.9481603222064487,214.86818772931494,1
1762618096000,1,248,1.0,-0.038929512828033745,-0.0008107453069121799,-0.013181464307871902,0.041108579132346876,-0.03942683311521652,-0.00013985804523759118,-0.014077622461014964,0.04186495173677888,9.330783898912344,106.36519158424503,47.155071149347606,12,0.9270072047003138,2.762728530284486,22.68269635012128,1
1762618098000,1,249,1.0,-0.03229959782729106,0.006887730813471072,-0.03145973079131914,0.04561161603172878,-0.032320439021300065,0.0067412571256767004,-0.03057686500993745,0.045,9.332367957053975,106.3742449551176,0.5283154805109658,12,0.8778172438614229,1.3345153251994506,198.60427128283484,1
1762618100000,1,250,1.0,-0.03282064626384917,0.027781908658734308,0.014038600566131368,0.04523396484672062,-0.03273088869973236,0.027657528838275394,0.013345194755220396,0.044881446050334256,9.315117482458444,106.36508944764502,5.588741090214771,14,1.2559828577722385,3.921365672213295,210.27478952911846,1
1762618102000,1,251,1.0,0.039222315803530354,-0.005691710711685262,0.010256231654541275,0.0409386848294983,0.039392498411380386,-0.004280330726790255,0.010298185385260636,0.04094072281299521,9.341407505833281,106.36211928389899,49.204420529346976,14,0.9976942872606633,2.43425007783727,36.70740652972035,1
1762618104000,1,252,1.0,0.024187173335436473,0.020647249917005613,0.018082054512474063,0.0365826321973395,0.02425997953672936,0.021370338409716316,0.018033120761528812,0.03701933839587365,9.309264154525843,106.36457114207943,24.685455742615815,11,0.7642106129639203,0.9515096767416015,278.96697262367644,1
1762618106000,1,253,1.0,0.014453196957701874,-0.013511872122301049,-0.029560519920642642,0.03557091408055533,0.015333642118364648,-0.014360026136289304,-0.02987207411480006,0.0365194707405393,9.32105449750065,106.36778080926044,6.617668425202828,13,0.7941242996456824,4.739356998754788,202.57715539123598,1
1762618108000,1,254,1.0,-0.014980656770846623,0.032856637573034676,-0.01448806844959511,0.03890864733310347,-0.0159531793572034,0.03224588583730826,-0.014160484862379395,0.038662907502844304,9.342681140678685,106.37350136634093,14.435599897072587,18,0.7578741455254344,1.431056008529044,327.3917363211541,1
1762618110000,1,255,1.0,0.009383994825898998,-0.02917554498322117,-0.018355700811220305,0.035723991045675384,0.009388983817211255,-0.02890005687357124,-0.018108523779983454,0.035373506157938786,9.329239028569173,106.37098374555487,2.3066449763513353,12,1.4607249386611247,3.1490840662389505,89.24231136882383,1
1762618112000,1,256,1.0,-0.025491005704872175,0.018486231736373548,0.01830428301444479,0.03642223101801457,-0.025654732486034112,0.018367783334223047,0.01893668379650333,0.0367986243866763,9.33778791092995,106.37286574067883,26.010857951065606,10,0.7179871380815767,3.6903174034240083,207.85669454232993,1
1762618114000,1,257,1.0,-0.025679561081941544,-0.012856018252964896,-0.024664857296431458,0.037855940724476275,-0.025939445047554566,-0.013055942144851316,-0.024598405419642838,0.03805777166169772,9.322609471694708,106.3853705056052,29.47875115658772,18,0.5251147959290134,0.697164800001826,219.7946235580832,1
1762618116000,1,258,1.0,0.03646458712773484,-0.00969509477175299,0.00828774068285463,0.038630915374291634,0.03536383294488171,-0.008687339554454807,0.008558385010489961,0.03740743914084037,9.321874809520645,106.38388883953544,26.478032882217263,10,0.9292859739206906,0.7229303876327181,275.7677838245853,1
1762618118000,1,259,1.0,0.0007378415731470393,0.019517693945694907,-0.03547535866708676,0.040496738877387736,0.001174007295991256,0.01887097193434314,-0.03663318022308236,0.04122477129269051,9.329401249550399,106.36980080573244,39.75904538129869,10,0.6550682508699828,2.0564845779902026,353.4936621543523,1
1762618120000,1,260,1.0,0.01459977646533694,-0.029999055097981186,-0.018216150137222234,0.03801216786019102,0.015625370994533802,-0.029778608641085256,-0.019410492963765093,0.0388289194855086,9.31554842063955,106.37138729748233,36.89789973281638,17,0.5218372883513104,4.937189134357338,117.46090989320155,1
1762618122000,1,261,1.0,-0.005814299808492405,-0.032505469450864806,0.016730844060917884,0.03701800601700328,-0.0059795168239854535,-0.03284141416197604,0.017731541203599602,0.0377984213831969,9.322186169101712,106.37872684005136,38.38288037251477,17,0.5788279010717944,1.8319474577198869,8.58913300985952,1
1762618124000,1,262,1.0,-0.035300730109547714,0.022687872390691352,-0.0138571021260574,0.04419163245700942,-0.03547897086639321,0.022873321874600012,-0.01380650094830834,0.04441357557946751,9.329856190132032,106.3619933712943,9.771401629997722,19,0.5178558675086747,2.560687606254468,281.876719479434,1
1762618126000,1,263,1.0,0.013824208945793979,0.002429828795739529,0.04255618543952065,0.044811178740538,0.013406268988688953,0.002986462165195382,0.04161557842376405,0.04382354814486936,9.322339830299438,106.37352035335343,31.390571985847444,11,1.180717716392797,3.776508081629577,179.26017094236508,1
1762618128000,1,264,1.0,-0.009509778174886609,0.030142496749729002,0.014734293013570269,0.034872702531532004,-0.009834933958812495,0.030992970583248642,0.0149245618534825,0.03577754460645313,9.331101335709993,106.3842111903864,10.40273255189833,16,0.6291622069699768,0.8378473096734457,66.882128455423,1
1762618130000,1,265,1.0,0.014654628807010888,-0.0015500610238397014,0.03649486530937147,0.03935779501697301,0.014428927001511395,-0.0021432341418475952,0.03660027704133996,0.03940009729054692,9.321158027947114,106.37188414979359,38.359744609519076,14,1.2315990289310623,2.413587447612147,298.4507415839557,1
1762618132000,1,266,1.0,0.003179041440704214,-0.033996695484638836,-0.011435959238236025,0.036009203990862854,0.003712048890383058,-0.034078418599791396,-0.01156561847923976,0.036178466689932215,9.331477347097435,106.3613961726287,37.87290887259219,17,1.4358790868957485,4.457468603795734,89.73370827982664,1
1762618134000,1,267,1.0,0.01828284409488589,0.023509158779035047,-0.015848336228023036,0.03373592589350783,0.018764538701767107,0.02368865730237069,-0.015580102776320976,0.034,9.334808419584316,106.3580213747045,11.931131036482956,14,0.6547347829894381,4.719963651686855,346.0661541319086,1
1762618136000,1,268,1.0,0.017099470909074137,-0.000519991585010709,0.035903301896502135,0.0397707101230306,0.016705994798452705,0.0003374685633688128,0.036562071728002084,0.040199368605498775,9.316299074120638,106.3623547089381,30.12376342342825,18,1.1750555190508534,0.6988219101121729,39.07783463181347,1
1762618138000,1,269,1.0,0.028701901136935062,0.025359446014556284,5.700035280837559e-05,0.03830018120165764,0.028111660486701245,0.025855093231046712,-0.0008670377338236091,0.038203442982767295,9.324672081901882,106.37055242107266,19.803696700336154,18,1.20699316742617,0.7745085563699983,319.07204379988707,1
1762618140000,1,270,1.0,0.042869166413164114,0.011204577580889585,0.003707296495976481,0.04446405329066178,0.042595476410360655,0.011710921805231088,0.003760674596204472,0.044335797879054416,9.319951532158019,106.36483187599065,46.55635113092868,15,1.1278388005245237,1.6597367751243164,74.68727366387176,1
1762618142000,1,271,1.0,-0.026006089056112656,0.020241513007968583,-0.022269154767768425,0.03977374474344913,-0.025990129792650144,0.018999971636623612,-0.022189151973583204,0.03910043777425099,9.326497799958908,106.36589694438871,43.58452526923312,12,1.1276135154310385,1.8999727293435646,195.56211225248293,1
1762618144000,1,272,1.0,0.028966150267661757,0.026484357880444724,-0.014202827403418324,0.04173942237165635,0.02902709060111333,0.025724231450322096,-0.013858132795173162,0.04118684155217096,9.317347746903701,106.3644085449539,24.95410433290242,14,1.148190151455494,2.8593255740337904,75.06551293622822,1
1762618146000,1,273,1.0,0.007242141550999118,0.028562255858643516,-0.026597180612803223,0.03969459774993821,0.007228189751129385,0.0284405064941856,-0.027128370943306678,0.03996320365988932,9.331468625544629,106.36609688000134,8.055937071049629,19,0.6868727523605765,3.716872875999955,79.49382128950424,1
1762618148000,1,274,1.0,-0.0051131696863440336,0.034345481590509895,0.016133740988800237,0.03828908732549125,-0.005098672539838263,0.03457203914802695,0.01587131122560177,0.03838125678688911,9.326376028602413,106.37428537747687,28.686441134392478,14,0.8046213845892235,2.1053371460038854,310.68300001427514,1
1762618150000,1,275,1.0,-0.024451151986402013,-0.028267615500515816,-0.013625831826779898,0.03978165673421384,-0.024615249841559213,-0.027628652573251863,-0.01341487202407865,0.03936002742882995,9.32274953509058,106.36023689536754,20.237108041279743,17,0.886148943993826,0.9792485385224209,83.72937898919392,1
1762618152000,1,276,1.0,0.02415158032052554,0.026148956558737543,0.016453726004057485,0.039214689346036356,0.02378837166545115,0.026030652090055277,0.015933477577600344,0.038695699792651785,9.324771958958307,106.36188344108015,47.94933962494072,18,0.5535856888758032,0.8546348299753687,185.79716359754207,1
1762618154000,1,277,1.0,0.03263926765079225,-0.00021549112204764944,-0.021980219376944173,0.03935096279714547,0.03174007804080729,-0.0002458284883087914,-0.021811366763503648,0.03851270836716464,9.327750223553716,106.3661936936708,14.03879165323021,10,0.6022887423221635,3.1781001270023324,218.18048518518103,1
1762618156000,1,278,1.0,-0.023153531848515374,0.03011206657597786,0.014708418226260135,0.04073278970626638,-0.02234407531437029,0.029580668347260045,0.015295064746739306,0.04010252669261367,9.309352043183798,106.37122417438187,42.945293489707296,15,1.4241949538706518,3.8783079532909417,349.6024069987787,1
1762618158000,1,279,1.0,-0.009055554158502366,0.0074150343696760355,0.03850325737030795,0.040242845624349426,-0.008863860391917949,0.007198640872617368,0.038810535048900745,0.04045548272165693,9.320912074249646,106.37556138118175,6.235266212188395,17,1.073060850315839,4.593131913953909,228.38420890635192,1
1762618160000,1,280,1.0,-0.014346489891712597,-0.034540945106063134,-0.00801983228163664,0.0382520113308916,-0.015149116612708013,-0.03489761426706389,-0.0072279344571295565,0.03872443998555392,9.315984273068317,106.36442665440737,16.250807785805137,16,1.143448186512747,4.873768404525285,80.459353051549,1
1762618162000,1,281,1.0,0.035234073236092144,0.0009128946726979082,-0.0008766954297117733,0.03525679917925367,0.034919391210805124,0.001751145469666953,0.000142527039168739,0.034963562560844444,9.324766473745468,106.3632541960068,12.333766077901547,16,1.4869702627363788,4.039343665905275,193.67725512897078,1
1762618164000,1,282,1.0,-0.01921455962906995,0.028306751068202938,-0.02092592003283089,0.040104433507989194,-0.018517416369557047,0.02809724493015059,-0.02117371913915392,0.039757719550449384,9.326932493522516,106.37150251559753,6.964977629306773,13,0.7336734654981963,2.67330708099549,211.7947413855959,1
1762618166000,1,283,1.0,0.03261010589608683,-0.005300843535973971,-0.018836488930102646,0.03803066215517097,0.032825941680031084,-0.004720252497822342,-0.01911543309862536,0.03827823158626874,9.337610018814468,106.37150500470042,35.00089961544225,12,0.5575406480215399,2.2028136156020057,317.0046273316522,1
1762618168000,1,284,1.0,0.02762900727688699,0.021915396941840994,-0.017660231214003768,0.03944021339644096,0.02804129186058464,0.02132492241229984,-0.01719247341238786,0.03920009575417848,9.324715650676422,106.36829296588841,35.78053629827036,16,0.6311726114841951,2.6955610589422934,108.99990059482867,1
1762618170000,1,285,1.0,-0.03253325147183317,0.02787499493626865,-0.014515060841380913,0.04523400032337984,-0.032753807825812886,0.027116036419054395,-0.014727818637878263,0.045,9.315324077156008,106.37244324633257,39.0670638000854,15,1.224512805370638,4.252820466769121,315.4514586958783,1
1762618172000,1,286,1.0,0.015969568690111912,-0.015228737329030344,-0.031733479383058275,0.038651717666098484,0.01712211284071365,-0.014123363808445222,-0.03165409913339211,0.03866029158377426,9.33358455558729,106.37503518078081,19.209698290209854,17,1.2566344786074608,0.32947480035701915,301.38536958536423,1
1762618174000,1,287,1.0,-0.021196204423312607,-0.02406364575393562,-0.02071256638288646,0.038175234578077435,-0.021172544221481664,-0.0237061207936627,-0.02045996755763455,0.037800357992402424,9.322640679356429,106.36941344200456,37.996025951865484,10,0.58383001881394,3.2938629162767405,235.41358916110684,1
1762618176000,1,288,1.0,-0.016390100895891088,0.035192036838806576,0.017874866803103098,0.04273904219177222,-0.015868955287043594,0.03495528202835504,0.01753194444969627,0.04220266057692649,9.327271381678298,106.36710893473867,36.49288866526568,18,1.1380135008212124,0.967067640057156,75.34254182965628,1
1762618178000,1,289,1.0,0.03686047085571192,-0.010763657810336998,-0.01900439962693921,0.04284527799353417,0.036769871196053884,-0.010609699915204,-0.019400970156697922,0.04290672212003798,9.336343692143025,106.36587609981008,36.611287270005064,13,0.5964013245196284,0.8326585748679205,58.91082974995299,1
1762618180000,1,290,1.0,0.020043340916658568,-0.035121596725882866,0.004152260668411988,0.040650994333907585,0.019813502382141402,-0.03567279348691882,0.004146237211576066,0.04101602558539941,9.31951613381885,106.37222863085032,7.5919518411772415,16,1.2175897649645036,2.6024652162036377,23.868141386238445,1
1762618182000,1,291,1.0,-0.039255860035132956,0.0007956801245158106,0.00568480910237371,0.039673324898336026,-0.04003035811196746,0.0014569879103470981,0.0052765006852977595,0.04040289400309344,9.317538681538897,106.36680369973809,40.07324632682012,12,0.6519024128626468,2.5834419733415763,335.0886647312658,1
1762618184000,1,292,1.0,0.030415258742307695,-0.0064529618686030975,-0.030363340794963348,0.04345872922060947,0.03045874199502294,-0.007482620736515482,-0.03008074482067619,0.04345774713411341,9.328375298264211,106.37621900178539,3.678210115492048,13,0.5066613269418494,3.396041288018213,239.23324328576118,1
1762618186000,1,293,1.0,0.00640196144863877,-0.03015879015860941,-0.024764113364992124,0.03954489910184466,0.007119493736686739,-0.030527002231807758,-0.024232515046734314,0.039620699663404764,9.329386290231806,106.36969486192129,4.597276022395979,10,1.1655104396232032,1.9214486171923655,81.37039503888926,1
1762618188000,1,294,1.0,-0.007654408879898066,0.016232180182051203,0.03363275901089159,0.038121334282104395,-0.007546918775110759,0.01574745246696652,0.0344725116921475,0.03864314045937177,9.32142493051097,106.36715057490979,30.453725380098884,18,0.5473489019060367,4.605683737613995,182.00497243994607,1
1762618190000,1,295,1.0,-0.01324990602277547,0.015238304648026911,0.0401988630885618,0.04498571475225659,-0.012545700647414034,0.014270758786416054,0.03987672772637188,0.04417241871618297,9.314449991566153,106.36238713797101,49.764996297310724,11,1.3114050113609486,1.1310097246111002,66.9563421022964,1
1762618192000,1,296,1.0,0.01409804199872142,-0.007321661810702564,-0.029582431362214216,0.0335779952523692,0.013438298039632812,-0.008561646354311558,-0.03003515203060748,0.034,9.320924618508618,106.36245022066682,46.256692551735355,10,0.5460484503949983,3.2817352266468163,1.5548930125934612,1
1762618194000,1,297,1.0,-0.007468914384639387,-0.019890885105841978,-0.03138468411673704,0.03790026898962916,-0.007152457025633623,-0.01991405001650617,-0.030639018008496912,0.037235419348900095,9.336990732425644,106.36958132285035,15.476750237962534,14,1.4247170338305195,4.979236109561639,255.21765126751643,1
1762618196000,1,298,1.0,-0.029422713057336375,-0.025014098888965133,-0.0067088648838234495,0.0391970669171901,-0.029571846551467405,-0.025168360570877978,-0.006688100551736535,0.03940394867623546,9.321722673735087,106.37026770116611,43.97021774010277,19,0.8949612556370927,4.779884909879581,25.685928649209412,1
1762618198000,1,299,1.0,-0.02853292851149404,0.010876881746238473,-0.020924856736420486,0.037017349924101904,-0.02900520608002069,0.011070633071881478,-0.021804184649253787,0.03793788824612487,9.323489941785526,106.37292774277357,13.141544720462328,17,0.5553645792270568,3.2187393865957734,204.56008215158832,1
1762618200000,1,300,1.0,0.014574853151852338,-0.03158270355358677,0.0010066651935737858,0.034798087346343556,0.014078367386628002,-0.031457027928151374,0.0016082178953987023,0.034501179677576925,9.318593032529439,106.36837029632149,26.20014709399228,10,1.0343005893442987,3.045274297764944,45.92628723289542,1
1762618202000,1,301,1.0,-0.0038477214003840346,-0.03780914714483017,-0.0003072456238222948,0.03800567020416493,-0.003963482348049437,-0.03761307236112909,0.0002455385464548169,0.037822119109651005,9.331995350776973,106.3750662889092,45.36972928878097,15,1.4069346393855726,1.84034777594323,27.39535503512883,1
1762618204000,1,302,1.0,0.011384511572939453,-0.041087480995502496,0.006367781954935517,0.043108431255796976,0.011609936092921335,-0.04014373011837201,0.0066290309338965835,0.042311390133402176,9.318061465729722,106.36023452977211,11.581017960396567,13,0.6805737374480784,2.486902893931987,213.87135852935,1
1762618206000,1,303,1.0,-0.028781306009557826,0.015609064242682946,-0.01013114108805459,0.03427311602253406,-0.028138361621948525,0.015693295668350444,-0.010860620437994685,0.034,9.319779117472402,106.3709741274942,31.553925873931256,18,0.9391994106884701,0.753106786874912,142.16972120704276,1
1762618208000,1,304,1.0,0.009415022054459954,-0.006749744219954786,0.031913101263173815,0.03395066596628653,0.009725611695936089,-0.006572761315556717,0.031909423150984606,0.034,9.333797380160785,106.38098361485947,25.812188967647536,15,1.443532584710721,1.082297837682387,160.0917920574382,1
1762618210000,1,305,1.0,-0.012294232289552873,-0.025348932240235596,-0.027772474921111442,0.039560420581097266,-0.011928353618377076,-0.025636284889619318,-0.02789012564673314,0.03971603997854437,9.313409623338833,106.37967437853136,2.488395181979591,16,1.025613870067359,4.610830471983507,129.16624072885773,1
1762618212000,1,306,1.0,0.03633926587373652,0.010303639362616922,-0.005800867112951065,0.038214621385264276,0.03674525785614538,0.011006912876230573,-0.006591025985662937,0.03892053095119886,9.327433859179635,106.38397701316575,45.1068478493249,10,0.5244053737372568,1.9547706253621366,352.5034102858543,1
1762618214000,1,307,1.0,-0.01864471257039008,0.031250497370622625,-0.0014464337926750825,0.03641855383537828,-0.01875910658741434,0.030763864502578744,-0.0017743685094859967,0.036075862050662794,9.32936107003995,106.38174435483226,5.661879847753132,19,0.7992657032963142,1.8420180807910373,191.61783955460078,1
1762618216000,1,308,1.0,-0.022262639518730684,-0.002514368659574329,0.02632184077816297,0.034565683416477706,-0.021914775726794747,-0.002657625444501127,0.025858840496840306,0.034,9.335956321068988,106.37696371596228,5.579019999655143,13,1.3025787503274424,1.9625133935478956,77.40614473865374,1
1762618218000,1,309,1.0,0.014325849407279375,-0.011213359928994766,0.03404266960613453,0.03859886988047277,0.014623097960787477,-0.010151284605730357,0.03316469708255784,0.03764014752488552,9.321464388716997,106.36993271148404,29.564922515418097,10,1.3230375753890993,1.949649019849034,133.3067302678305,1
1762618220000,1,310,1.0,-0.015754839949173868,-0.029804960922247367,-0.016922743283411913,0.037721743300609005,-0.015068092847823093,-0.029463070347133937,-0.01684144250538692,0.03713157850149969,9.320383929263139,106.37363934070451,28.846867485778656,10,0.7273526988648217,1.9435989902331068,262.2648561290888,1
1762618222000,1,311,1.0,-0.016902093019375463,-0.032905955770376236,0.022324320261237852,0.04320715159234513,-0.017469724834904055,-0.032865244776129746,0.022104022083825354,0.04328860580204017,9.324506938663292,106.36902401581993,45.2056531342672,10,0.5484835185560212,2.8395336432238287,291.724528831129,1
1762618224000,1,312,1.0,0.012129328548745785,-0.029530967308577342,-0.019206846355504667,0.0372572353798245,0.01232912569837964,-0.029593871137858024,-0.019079538585237064,0.03730728269434992,9.335431696345413,106.37960046500942,13.316556200875091,15,0.964833523841384,3.60771352404966,101.51715381086804,1
1762618226000,1,313,1.0,-0.018682792653924946,0.0049906327122001826,0.03293551309013739,0.03819294671439016,-0.01882388897085696,0.004295256457000386,0.03302389121237247,0.03825395946598425,9.333045650199146,106.37118466172215,21.174511201091207,15,0.5923017075919838,3.083093068953779,180.6010661035547,1
1762618228000,1,314,1.0,-0.005038213555632416,-0.030527026221499675,0.023487006329000523,0.038844850264337455,-0.0037104962951350355,-0.03109401946926403,0.023033906928314855,0.03887372760481624,9.32085234556464,106.3615859369716,15.54976866031038,11,1.3104042201812516,3.258445418023247,52.795567419385065,1
1762618230000,1,315,1.0,0.00411076171228285,-0.013847592990272944,-0.03770443303901777,0.04037670695182065,0.0029008664648393764,-0.013528374046898642,-0.03762139919950089,0.040084929940413225,9.324948581258075,106.37554919010798,32.22737712236261,19,0.54669618463616,4.831963010158405,331.77889694253355,1
1762618232000,1,316,1.0,0.01628234946858952,0.005269195077862932,-0.03606988553912875,0.03992387711372358,0.016243344226676736,0.0054052000393704155,-0.035903773814913685,0.03977616614612831,9.318165655673853,106.37547389355122,13.20116754876296,12,1.4187612518427648,1.0650415010794974,126.92563165563742,1
1762618234000,1,317,1.0,0.02995830589968722,-0.020772393395902488,0.01724160708023411,0.04032698147001021,0.030405050501699022,-0.02071595607412147,0.017185050180793995,0.040607190025809536,9.314695272859185,106.36861208651807,22.88078115101369,18,1.4661580206229683,4.359865242444751,322.6662802493338,1
1762618236000,1,318,1.0,0.030989521560795166,0.0005433818156123776,0.024455889535793012,0.03948083387355739,0.03056451327365078,0.0015047777942284787,0.025013156989797312,0.03952356070069376,9.341846255780924,106.36647513393636,30.832581591498805,16,0.5737130909791532,3.702318133251249,308.02797076433285,1
1762618238000,1,319,1.0,-0.007763299607850089,0.02038942027132265,0.036084180024444384,0.042167111921951446,-0.007968764761714474,0.02036435716139636,0.03566936655354751,0.04183912002845891,9.321305165038172,106.37601597843272,15.932821276653165,19,0.844821041916703,2.2205715658670537,351.69399748838543,1
1762618240000,1,320,1.0,0.03305122505911102,0.01801667016788848,-0.018714617321599736,0.042038325172875424,0.03277367963239856,0.018732037024222305,-0.01931277335679051,0.04240267093538671,9.32888697049112,106.38527436829091,43.09986601728646,12,1.3026301925950152,0.14091413356901838,86.46950978778827,1
1762618242000,1,321,1.0,-0.006665230839359605,0.02929362455399097,0.027558998450888696,0.04076812648710042,-0.006696833561533491,0.029181930490562006,0.027069711689685534,0.040363373717636285,9.328047627956837,106.35347244608236,25.385138454363776,10,1.1930479792255586,0.8308208437352049,332.58944573787363,1
1762618244000,1,322,1.0,-0.03206186249970849,-0.01846026057502984,-0.0004628198414390188,0.03699943850457524,-0.03142505350406074,-0.018637790547695016,-0.001290288123887999,0.03655907640621514,9.334838389435944,106.37616114132673,43.60108089762832,13,0.6412989616491113,1.1105278737289108,318.01326352772446,1
1762618246000,1,323,1.0,0.0026686306792740692,0.0387297264970542,-0.007826091652570472,0.03960253798424311,0.002182057905953152,0.0390076449391509,-0.007564936219593432,0.039794296078839164,9.330718577274245,106.37125770771422,14.356396949020144,15,1.2900349426781745,4.687499619239875,88.33122242577757,1
1762618248000,1,324,1.0,0.028053655673444106,0.005661845743099657,0.022978022309776074,0.03670222885781442,0.02878686506648207,0.0057868332734874305,0.0230708620901783,0.03734214398337371,9.338856420796544,106.37157898752766,29.316631147003818,14,0.8338502950266885,0.5353284104454331,329.77710512111145,1
1762618250000,1,325,1.0,0.035859080922451846,0.02390535993884159,-0.014344834074491717,0.045421516740782895,0.035738900907397154,0.023785884773934084,-0.013489353114674476,0.045,9.317683567071724,106.36867311629588,27.76777246596654,11,0.7783771421860963,0.1409302511477406,38.93331327005392,1
1762618252000,1,326,1.0,-0.024351338464903925,-0.01672083758735712,-0.016322312637467213,0.03374895530961375,-0.024613815069284135,-0.01654751021368673,-0.016687972078646557,0.034031579431972776,9.318753571336819,106.36710597545563,26.212127062687546,11,0.5434894486251316,2.426552673128948,133.80868904951942,1
1762618254000,1,327,1.0,-0.033622343099284975,0.007662127013971872,-0.02572385941261712,0.04302193729882888,-0.03485825760267305,0.007074557102859804,-0.026099947508530154,0.04411751059663234,9.31471274904504,106.3788542453553,8.678886540304799,15,1.4723443071007996,1.8348588027308694,21.762265166849918,1
1762618256000,1,328,1.0,0.02880237547427358,0.009910822587444058,-0.031184203862347094,0.0435919236539207,0.02892729043784903,0.009617098264190299,-0.030195412770457456,0.04290733810756697,9.318595960094187,106.3743612049084,30.57077377637164,12,0.9020301397741194,1.2893383997455983,256.3573097660119,1
1762618258000,1,329,1.0,0.0337190334499277,-0.008051749403427226,0.015364542474960476,0.037919296548298446,0.03475673169531827,-0.007306358912702254,0.01582167576205933,0.03888108412353365,9.320419044219848,106.37625889963239,20.557440924761632,18,0.5843042314739498,2.4840612182250843,261.3548483377743,1
1762618260000,1,330,1.0,2.513549042909809e-05,-0.004656106398252899,0.04421944832900969,0.04446391311059665,2.5074738524838663e-05,-0.004821050024194092,0.044036748722438845,0.04429986896280296,9.311205250254497,106.37011491787231,0.022463880237877376,15,1.4094563677403158,0.7342511928070228,111.96344495453306,1
1762618262000,1,331,1.0,-0.021367016833690546,0.03973915218999937,-0.0020532120693547993,0.045165975080284616,-0.021682014621407227,0.03938256866801528,-0.0019757345636860985,0.045,9.312863732885678,106.37840314537264,13.104899972401435,17,1.4300066832332625,0.7918157275634069,332.78278487490695,1
1762618264000,1,332,1.0,0.032470261784397665,0.021844409001412657,0.010585464646666919,0.04054069765993364,0.03261289970779493,0.021142046811358894,0.011233988478308766,0.04045725976700789,9.327309323303611,106.35889242875359,41.10742176964008,12,1.49081300686067,2.0617346712234634,60.23944722309919,1
1762618266000,1,333,1.0,-0.000874352306759116,0.04359354590785738,-0.010390052857044403,0.0448231517761634,-0.0012977584583011455,0.04395068074795138,-0.009573582651001835,0.045,9.323557271241272,106.37936608792323,17.74697446471135,18,1.0086287865662775,2.762869582937722,262.44993183804064,1
1762618268000,1,334,1.0,0.022870640019859542,-0.006416846382406354,-0.03491120568383266,0.04222599169601908,0.023677876805991305,-0.006214111445675445,-0.035116925731792106,0.042807189862816016,9.332470072740877,106.35973498170316,48.00769302269999,17,0.5240415079969976,0.9257796668369145,15.950985949608253,1
1762618270000,1,335,1.0,-0.02333084706335168,0.0205393293376427,0.01406655557843627,0.034118330266513515,-0.023101958121145943,0.020632060612697702,0.014022040002894988,0.034,9.313550852159329,106.37521266047496,37.944740286834715,19,0.5627511650028338,1.2542907614299281,251.0083695653107,1
1762618272000,1,336,1.0,-0.009597079224079494,-0.019647618659591973,-0.02769415824367318,0.03528596391558003,-0.009988116902328106,-0.019526055709313404,-0.027793919629942022,0.035405243950768925,9.326329979717944,106.3696558995765,43.97489748822932,12,0.750665174637404,1.3960297529493482,325.30298305387606,1
1762618274000,1,337,1.0,-0.0337141530977673,0.002874660678402939,0.02044514817157766,0.03953368028495973,-0.03495334957001602,0.003700803447925171,0.021465916447770392,0.041185169190699866,9.317590823740044,106.3741892670495,0.907253444153111,15,0.8742039295821501,3.5780042147898445,337.39132209284634,1
1762618276000,1,338,1.0,0.011277999550960989,0.0040543679270929,0.037089635942985213,0.03897784329003975,0.011216923205552612,0.003992541849287499,0.03706866171205368,0.03893385978477155,9.327897774045343,106.37922422167384,5.131419005179722,18,0.6232885342700616,1.5731003194286042,88.00500117865141,1
1762618278000,1,339,1.0,-0.041022437688399555,0.0012163949485082372,-0.013210127905894346,0.04311412169880617,-0.039381979772001766,0.0013890426040465253,-0.013263575582838806,0.04157874706337229,9.309307081495895,106.36752266506909,17.33187264227934,12,1.2156944155198328,2.2763403212287936,84.37166680558856,1
1762618280000,1,340,1.0,-0.015419564968980079,-0.029912100615821842,0.01956277104717111,0.03892555405036238,-0.014849788165064399,-0.029739418770364866,0.01981175652191161,0.03869696285020213,9.337469745633205,106.36211353748595,39.84166191836099,11,0.9147906142653447,2.797112738543484,219.20221123981398,1
1762618282000,1,341,1.0,-0.015359163933195528,0.03284723858310836,-0.009409933535065383,0.037461871928625844,-0.01595181469581828,0.03234884033310831,-0.008847435953300233,0.03713737990131249,9.323616925542721,106.36650736381081,17.388302656973732,10,1.1623885240977945,1.7594984527598605,47.73736957372756,1
1762618284000,1,342,1.0,0.034924616398333226,-0.02148953365738676,0.009529509290712022,0.04209917380073452,0.03465237569156323,-0.021595802584353525,0.01003662202707275,0.04204639832430281,9.340396360653832,106.36888242077309,24.46205840014643,16,0.8879770976713508,3.5907251337745283,213.353711435306,1
1762618286000,1,343,1.0,-0.029529724967016977,0.010550183373173682,0.028846535300621694,0.04260790565945796,-0.028917896190885896,0.01148319734505505,0.028132125319417434,0.04194669255566808,9.329920306321057,106.36745483181367,30.634083080302105,19,0.9586511080653867,1.8768568696322214,3.8757015860009014,1
1762618288000,1,344,1.0,-0.011967747111202971,0.022623917198916463,-0.03326438116307626,0.041971271776103686,-0.011254143057648932,0.02264538177492674,-0.03241925493971065,0.04111541246953708,9.334397111108677,106.3624764992485,40.311712856957016,16,0.8742927984419406,4.955339054238209,294.2499482104825,1
1762618290000,1,345,1.0,0.009769995850384412,0.007200309305958245,0.03717458801841822,0.0391055912544117,0.010395585909900574,0.0069534435550347865,0.037126793915975745,0.03917674578321318,9.333853473811757,106.3703467234759,21.01818623195181,14,1.1040213341993996,3.83390307184194,40.47689272345798,1
1762618292000,1,346,1.0,0.020923653488989523,-0.027731295709243164,0.02986739719092803,0.045813594619953664,0.02057443969722795,-0.026516646179446227,0.028818480523327257,0.04423737009739844,9.328835270162553,106.37145185240306,3.5375177030574134,10,0.944406567980175,0.5231649897399931,195.017949414943,1
1762618294000,1,347,1.0,-0.016166636002978556,0.02166555307899413,-0.029705073837743505,0.04016401027757696,-0.016920419229276906,0.021854299517963374,-0.030013346295748207,0.040800881732921415,9.326683199928116,106.36420760138051,3.2974922961834627,19,1.1283974745259675,3.3234130828087567,67.11202709937152,1
1762618296000,1,348,1.0,-0.014604666888374538,0.017984937628002302,0.03302980090349913,0.04034503716850821,-0.014859759841684337,0.018100695999291136,0.033084751844262815,0.04053453419996017,9.321727393684672,106.37770365228464,28.890704499477643,11,1.1916758780011953,0.6779029157627287,154.35396865475525,1
1762618298000,1,349,1.0,0.0015583972780115907,0.0333695895283138,-0.030298778796186854,0.04509960203709702,0.0010851533858040503,0.03362517086905272,-0.029885955332836295,0.045,9.331971113018739,106.37745415831958,29.57628847845493,18,1.0718565944317386,1.349080148996467,260.81402209689674,1
1762618300000,1,350,1.0,0.0066664397126688715,-0.015521783573565638,0.028574824854379333,0.033194695347385186,0.007128708898848268,-0.016644533706901506,0.028777439203572324,0.034,9.316284596578118,106.37085154820706,45.28546278903046,12,0.6529409973866933,1.1331599034864919,222.2488389305607,1
1762618302000,1,351,1.0,-0.011272512312022155,-0.03297222158876431,0.0013956818231959838,0.034873842032028333,-0.010722076298361048,-0.03302976459778365,0.001338977415814477,0.03475228237185206,9.31796193128282,106.36670860015217,49.03136529681021,13,0.7242840359557239,2.5530440203673157,319.3948651526056,1
1762618304000,1,352,1.0,0.0035260995111007403,0.028455106071811596,0.019315625159768285,0.03457195127025531,0.0033476191291014297,0.027625309006744193,0.01953549969794406,0.034,9.327732037579725,106.37389113495705,34.283477139080944,17,1.3047094949091853,4.578065350604926,35.09361382692861,1
1762618306000,1,353,1.0,-0.013266247916240358,-0.026646292278798906,0.02641958859331159,0.03979965938826826,-0.012316344826301921,-0.02658009735487746,0.027350969992263083,0.040078291939562666,9.323601395923172,106.3726202583542,35.462171663659745,12,1.0086892526921987,4.324716397221829,101.2674627063814,1
1762618308000,1,354,1.0,-0.03054462096873908,-0.014606511319318739,-0.002440730413781364,0.033945267829228847,-0.03100427997350125,-0.01369648942412573,-0.002672227681085817,0.034,9.322038941818008,106.36341363009909,43.912302517195265,11,1.0525303643315942,1.8249883917693577,152.83166256292898,1
1762618310000,1,355,1.0,0.032978058760570916,0.02145669183135911,0.008803314800296754,0.040316750060424074,0.03200919803166481,0.02054543405262664,0.008801045327286693,0.03904051764377772,9.323787843556882,106.36347130954279,9.082316387840883,12,1.0987779371335868,2.2276941802245287,348.71130460636977,1
1762618312000,1,356,1.0,-0.003463083067223506,-0.025480725186616,0.03635099962740693,0.0445270195979708,-0.003485220768056102,-0.025741817321975047,0.03674523203301315,0.045,9.33008943127461,106.36735231517852,47.01893895496209,14,0.8242552500147543,3.2027044766704456,158.77078961969843,1
1762618314000,1,357,1.0,-0.02735856374816578,-0.03125280798340766,0.012251122226129712,0.043304953677492486,-0.028139130595754444,-0.03120862577112026,0.01212586045958471,0.04373586040187246,9.318953255866225,106.37229153404913,33.000816671186165,11,1.0944853565208494,3.1487926442819294,125.27876509242631,1
1762618316000,1,358,1.0,0.012633252725662082,-0.03422566197304951,-0.010606986725024163,0.03799346232325681,0.013042848409807888,-0.03382981606440856,-0.010766561533124509,0.037821834921636203,9.333655388649102,106.36346852401778,8.933836010041501,17,0.5854944893959908,3.6298419937890096,60.59242928177535,1
1762618318000,1,359,1.0,-0.002508370432420822,0.029685542797445022,-0.021810577873241838,0.03692187265795073,-0.0024103795906868647,0.029454724577438977,-0.023003187266458877,0.037450465339161854,9.322689091713691,106.3744874200753,3.739544647505877,14,0.9215463349856233,0.7844800016223535,109.81112075456912,1
1762618320000,1,360,1.0,0.03157247335029665,0.011376029040862518,-0.010897958585397823,0.035284566194340346,0.0312566354467063,0.011313122962934668,-0.010342134289378378,0.034812695274602234,9.154025756214125,106.31335296861785,17.655379571338454,16,1.0434545162437183,1.5434884776972884,296.80833316949406,1
1762618322000,1,361,1.0,0.03365030508800013,-0.006531936409096606,-0.013515848858707472,0.03684680985023526,0.0342704671931287,-0.0054757997307433165,-0.013367400760637558,0.03719054594143534,9.161025461887117,106.32085533256824,21.8005972680182,18,0.900072901809898,3.5054555916464567,92.77442446237316,1
1762618324000,1,362,1.0,0.025097818948097612,-0.03421195781651844,0.010140875942660227,0.04362563396072485,0.02522011515917088,-0.0339004391230219,0.009762781168207788,0.043365952975968,9.170782369784224,106.31516826951227,17.306562688957328,14,1.4064447540360296,3.3145158878118304,141.7125539734826,1
1762618326000,1,363,1.0,0.021994134784522834,-0.025178725121705235,0.020939819576996435,0.03944852605093517,0.02195150701358169,-0.023979896059459736,0.020318265459616035,0.03833713586690123,9.14780468920279,106.3192347328487,14.757650334611716,11,0.9665050983282404,1.2931174015990832,174.90506540562794,1
1762618328000,1,364,1.0,-0.019450008728218927,-0.024182963615096125,0.010072952574088065,0.032627947258396184,-0.021000032857714054,-0.024793595219917093,0.010013803275770625,0.034,9.17304663670012,106.32240008384365,37.3296277089598,16,1.2139277704163562,4.257584896025304,251.6241790287546,1
1762618330000,1,365,1.0,-0.031314213266779835,0.0004506270816068595,-0.0287645576874965,0.04252273269959683,-0.031631423336822215,-0.00018688245313488764,-0.028503498276945552,0.042579705041115405,9.166596966458956,106.30735166939326,1.8686979661033665,16,1.1311295383627185,4.85065741772044,38.39786030769899,1
1762618332000,1,366,1.0,0.003539205388992387,-0.02373248744735232,0.028335557879828523,0.03713032151201118,0.0030211967546008925,-0.02372390654723445,0.028280100196405398,0.037036676940711805,9.171517391189683,106.3189275921212,25.22615144348145,16,1.4070572634161547,3.45000706156437,108.65047336237538,1
1762618334000,1,367,1.0,0.020647614914061054,0.03709056705520493,-0.0012155059773650773,0.04246777155558106,0.02034272549714838,0.03658183865211066,-0.00022041801298180669,0.0418581650806845,9.160938296208979,106.3201178087199,43.92782990520214,17,0.6605098042852974,1.6401346835631792,187.57215824283543,1
1762618336000,1,368,1.0,0.003581165878476476,-0.037908689738835794,0.015195857045058783,0.040997653324286024,0.0033835006346706227,-0.03845021852279565,0.014353749901111983,0.04118127629419985,9.162835175544291,106.31131257107087,32.13734090190597,16,1.3292916995182247,1.3267877556722485,40.14780622311521,1
1762618338000,1,369,1.0,0.03142736018078442,-0.005567949043912066,0.018763745295556827,0.03702376482753863,0.032347639239085235,-0.00628008140120725,0.018287174928958205,0.03768593840718463,9.165526266951918,106.32385343255962,13.333541775469937,14,1.1200669801723635,4.1555980030640445,0.6491969779657136,1
1762618340000,1,370,1.0,0.02920428053816083,0.0011155881744656113,0.02210376797473825,0.036643022492797606,0.02907199646218083,0.0014773632122050764,0.022620459272513285,0.036865278488806566,9.156594390076151,106.31403646467945,45.12357697558496,15,1.4082192503609958,2.3152824033962633,161.83028425027115,1
1762618342000,1,371,1.0,0.006666562292581236,-0.004883510515926715,-0.03544607439923449,0.03639664707189522,0.0067377520034779745,-0.004504443187011823,-0.03573740798128823,0.03664491287622925,9.172239348833214,106.31708238620854,46.273504797308426,11,1.3874995315136722,0.034614487603584765,133.33108810152757,1
1762618344000,1,372,1.0,0.005052553423695748,-0.0298746738514661,-0.025229634806070992,0.0394278950272327,0.0044346159422388,-0.029519319723489198,-0.02527797117413984,0.039115621970938694,9.161992198198048,106.31419381673473,21.42178712444926,12,1.359892272751478,0.9331281704855232,107.94693181911796,1
1762618346000,1,373,1.0,-0.0008320289763356307,0.01060518398735207,0.03248350086100275,0.0341809892748852,-0.0004413686133381653,0.010752270017543586,0.032252036884776646,0.034,9.175039230932414,106.3181801613983,49.16780213196112,14,0.5462302266045898,1.932654290543459,72.27932262412459,1
1762618348000,1,374,1.0,0.027394574259360385,0.014407009931812795,-0.022080724462021,0.03802082359437596,0.02716021270338393,0.014495267258580977,-0.021990104197656773,0.037833247410373715,9.175719453343312,106.30942269929645,34.003668324129656,14,0.9441165041909716,1.6406451587589506,357.81921965188735,1
1762618350000,1,375,1.0,0.0037631485124691,-0.009910796997654688,-0.03650353707604047,0.038011753483856554,0.0047406974823148325,-0.010883131448547492,-0.0363230869236386,0.03821365471146924,9.157090308977574,106.3058209310154,20.531073095302343,16,1.4079832545443072,0.7578483626878829,123.7112881393891,1
1762618352000,1,376,1.0,0.009181753191301255,-0.037845049501909665,0.010145237796198948,0.04024274112693353,0.009463413527936834,-0.03702486724453567,0.011371618685283379,0.03987117632575836,9.162157731767294,106.31250890427891,36.107444084320235,18,1.3535489301891177,3.6142601912430883,354.9791957691717,1
1762618354000,1,377,1.0,0.03755015531422141,-0.006484345792411297,-0.011232983161712201,0.03972707911725983,0.037357815600351035,-0.006399073629529099,-0.012292841910902953,0.03984555799574675,9.161975758152105,106.30895233256979,21.67674981594455,11,0.9156572922401599,3.2820871417942192,90.80457926528317,1
1762618356000,1,378,1.0,0.03330488191803925,0.017145818475012436,-0.007280576135790574,0.03816020230058613,0.033323335335216614,0.017330726740620153,-0.007101199414313258,0.03822598331427441,9.166354022828495,106.30976957552365,19.030679217199708,15,0.763510513889611,2.064792731508069,261.2873069377757,1
1762618358000,1,379,1.0,0.007296667084325885,-0.030354156963599648,0.029233696113347793,0.04276944217496758,0.006898043196058461,-0.030746417522846077,0.028813066283859854,0.042697985656257445,9.15817081509186,106.31614249693534,38.751249772724414,19,1.0069271380900817,4.955045779690254,85.85027679764704,1
1762618360000,1,380,1.0,-0.014182850477518867,0.018559086073603286,0.03708224962710324,0.04382563360593742,-0.013704845775704019,0.018132675305689107,0.03759951380023978,0.04393563644118293,9.1598553183545,106.32066527640806,11.93162657424306,18,0.942425974921129,2.8363640198408637,79.075385917824,1
1762618362000,1,381,1.0,-0.015738461436699058,0.011790152879797126,0.03503764151891143,0.04017888993652261,-0.016087341471196885,0.011824835499350502,0.03488075742285462,0.04019075177935365,9.163505077631463,106.31653141982824,31.90422990524675,11,1.421095197567588,3.728015144568704,18.000293841289036,1
1762618364000,1,382,1.0,-0.026744382537309083,0.021449985597416458,-0.021602901893514933,0.040522206870457184,-0.02600482158013881,0.02219345121673695,-0.021280261316151506,0.040269710006507746,9.15702351723699,106.30487837652228,10.340661665483925,13,0.8080163387669448,2.6109901765265144,160.49293811710982,1
1762618366000,1,383,1.0,-0.016869329371571644,0.029606612781837648,0.014186533133938807,0.03691047976145238,-0.016371867654200168,0.03003075043009155,0.014166316384973293,0.037021190442775506,9.162178774699461,106.31420350125983,21.329285327729195,14,1.3759488169278065,2.92964831368699,69.12311832569445,1
1762618368000,1,384,1.0,-0.02181275694254922,0.03336570227313946,0.008936497703773435,0.040852508427562446,-0.02228308546625712,0.03364910276441389,0.007894159208081966,0.04112317794564461,9.172286246710668,106.32162476663237,19.26919594124842,11,1.1575401456218688,4.27919153597088,202.84438224709183,1
1762618370000,1,385,1.0,-0.03671647117617753,0.008310500855414012,-0.0131782309289847,0.03988520340322412,-0.03752927141690232,0.007757727872379066,-0.01326404496786301,0.04055321742765795,9.161597071798145,106.31626597497988,4.826662810717952,16,0.5407638119982161,2.0010896969505905,121.71530222626524,1
1762618372000,1,386,1.0,0.0035861235232964132,-0.014328592627752464,-0.042234331077670495,0.04474268175014441,0.0032958714726083233,-0.014964527580436805,-0.04231075685367012,0.045,9.157544497861954,106.31389677776471,2.0181074699784918,16,1.2802406159716488,3.5864153475145373,193.7113948847994,1
1762618374000,1,387,1.0,-0.0059739872173125985,0.0015587786425800567,-0.0372978776597253,0.03780542278627517,-0.005361011902644419,0.001012651314348577,-0.0376439316529611,0.03803723835398087,9.176319872006985,106.31180576727249,44.243258065965705,14,1.466759547794072,1.8560402323766345,86.71164060533809,1
1762618376000,1,388,1.0,0.023674337672148448,-0.023473151284607124,0.02186953990249019,0.039871542119556534,0.02413729428083197,-0.023226741536654775,0.021848659008628056,0.03999317939455867,9.163695828651544,106.32122318480253,18.212616896507,12,0.915256750866817,0.25527875112912213,249.3536550818475,1
1762618378000,1,389,1.0,-0.03465232344951161,0.0009655138876350396,0.017095489639344017,0.03865192755252585,-0.034613453426645145,0.001095444777410306,0.017542540664646555,0.038820508630743954,9.165152306161453,106.3101253918001,22.440676008538183,18,1.0891948290968936,3.4675952039577194,254.24091341024467,1
1762618380000,1,390,1.0,-0.01595190058384054,0.02589840036093993,0.020634960669322383,0.0367558413768036,-0.01622342569390343,0.024986448301515675,0.02155857531402819,0.036773554486078,9.168436871361493,106.31033013817132,23.425536814611103,19,0.5703107812225761,3.1866371362767265,249.78120480684984,1
1762618382000,1,391,1.0,0.013048923434777149,0.03551531246596509,0.015064997760185914,0.04072549545280227,0.011434724278776393,0.035293542947846715,0.015437120579343537,0.040183227656876076,9.16521577878897,106.31769098484372,28.1940674753347,13,1.3955176789295107,2.3101620760573938,100.69783262628161,1
1762618384000,1,392,1.0,-0.002983384311221015,-0.0367817845605967,0.01632863138919459,0.040353741591762964,-0.0031316965863128453,-0.03586615545209654,0.016593154667721453,0.039642419354141395,9.156111506102393,106.32350387114937,48.947934201220875,17,0.5431026061335797,0.7935742267231527,2.4678845349608514,1
1762618386000,1,393,1.0,-0.041929620235538166,0.008211489379597819,-0.01312479314180997,0.04469655250623924,-0.04202103959118548,0.009113129185721346,-0.013273398514335967,0.045,9.15541140618091,106.30403766835208,0.6023609179959977,14,0.9046175993861065,2.380613859853236,154.70787720158083,1
1762618388000,1,394,1.0,0.007465142127256791,0.01118108255179914,0.030101972362352774,0.032967767502731234,0.008115462979750743,0.010681717349314059,0.031241641683715318,0.034,9.16885000784481,106.31661112348569,39.95786059873631,12,0.7526764512137512,4.136015351331587,88.19738361661501,1
1762618390000,1,395,1.0,0.015454293847740455,-0.02987275672108636,0.029458642541795612,0.04471049555590733,0.014715909110935625,-0.030752208073403724,0.029372499342901762,0.045,9.177958675185417,106.32245343338425,21.865951384379617,18,1.4084386354075247,1.4283832027348653,128.23824069143046,1
1762618392000,1,396,1.0,-0.031351950496264144,0.003778601664465851,-0.022821913367657137,0.038962319748954234,-0.031098231852523667,0.003352547419516343,-0.022526563827176174,0.038545890525622385,9.155677755621845,106.3070714899147,15.184235135222684,19,0.7605932441366297,0.04648283505982842,227.38403559315344,1
1762618394000,1,397,1.0,0.03110794274117593,0.02326134654380277,0.005541809390960007,0.039236539041369305,0.032122848821017395,0.022204662643620986,0.006006913181248118,0.03950958700697855,9.177845834309087,106.3093697116003,6.041902054627818,18,0.7701441947060986,3.2162950654264124,166.7630546334961,1
1762618396000,1,398,1.0,0.003915482181997624,0.0345603144323037,0.003616436533022385,0.03496891401766174,0.0038312570121244787,0.035333949434909896,0.003597103142943158,0.035722621180180686,9.161216389111743,106.31657288156217,3.9108129014135464,15,1.359654796893031,2.3838257461887165,346.0302439285984,1
1762618398000,1,399,1.0,0.03295642137528319,-0.015864939805834498,0.010680311171408616,0.03810368842548042,0.03234292007070111,-0.016126828719302624,0.010941329298043407,0.03776045246087112,9.172727989127285,106.31163087816768,41.68164996393297,15,0.6643131143330931,4.607039896240549,98.59119444693161,1
1762618400000,1,400,1.0,0.010366461359543099,0.010368941729657305,-0.03228281243714161,0.035456430341527526,0.011254870510484221,0.010272355882676826,-0.032603016505947977,0.03598819377066941,9.161675802446513,106.30456941698232,33.375439509961865,12,0.6149147709938635,3.976146176819393,103.35541764083108,1
1762618402000,1,401,1.0,-0.030291597303615914,0.021458362885899758,-0.023803986689728548,0.04409843520208132,-0.03020031496507391,0.021774950770029423,-0.022868837280756178,0.043694292803529565,9.163350858564113,106.30388268289575,24.095712972868853,19,0.6092888889616483,0.3621605589557958,230.9058762588116,1
1762618404000,1,402,1.0,-0.0011858469224386309,-0.005775686140978492,0.042832264171939874,0.04323618435312478,-0.000800484780525374,-0.0057349843586103665,0.042866189583052654,0.04325553179476089,9.156269642791534,106.30984807165862,45.312424777792906,15,1.251545685156164,1.5799011393562084,285.17213628259185,1
1762618406000,1,403,1.0,-0.0007916560204370581,0.03520637434668656,0.021118028864804843,0.04106198554659107,-0.0002847754196523101,0.0344359928633906,0.021370830314847388,0.04052938551067764,9.160873673481115,106.31275172003474,40.58756659620265,17,1.2032714158451756,0.4703665652383199,310.36423680135016,1
1762618408000,1,404,1.0,0.03525477722698316,0.005885352830100613,0.018988699238330284,0.04047353943038277,0.03556400612140804,0.006136986266797963,0.018838232657693084,0.04071044265919727,9.17107628670463,106.31447977308339,5.858151416329998,14,1.1010272593292552,4.217991532716866,246.65584629267016,1
1762618410000,1,405,1.0,0.01842662638265541,0.03231686446443634,0.009394054676490531,0.03836884871772431,0.018948386781531778,0.03265104423978265,0.009633542913203952,0.03896071355392909,9.170568294223425,106.30916246955493,0.23757383901967244,13,1.2092269180888522,2.0914173251677832,243.44147482985946,1
1762618412000,1,406,1.0,-0.013018555698355078,-0.009531345728253855,0.03612221253736467,0.03956189558725949,-0.012559972008461399,-0.010427271057771529,0.03603094486256456,0.039556413718318056,9.16345305886618,106.30295183085201,13.167117319131021,15,0.7335752625758788,2.5674669701986748,1.008633888154855,1
1762618414000,1,407,1.0,0.022076266821197763,0.005000428998645928,0.031585271059491236,0.03885865662671255,0.022596364400760648,0.004267838990022525,0.03255727971946775,0.039859586005230735,9.160172998744661,106.30691378781005,27.871545976614016,15,1.4839041142883467,4.062690328694157,118.68168970965047,1
1762618416000,1,408,1.0,-0.010155493302896064,0.018859944839572998,0.03984073329225281,0.045234009250135286,-0.010360829755411725,0.01936334351039699,0.03927739979781938,0.045,9.15628115207717,106.31859154691561,2.78138419456147,17,1.1745926248553182,1.290579336374189,29.99970085791711,1
1762618418000,1,409,1.0,0.0190971880988413,0.03603735097852558,-0.001512424076167488,0.04081275150511339,0.018537467219974384,0.036031447513409615,-0.0014425384271082344,0.040546070314605095,9.169223303143083,106.31300445674671,7.354337155794482,10,0.8414704915783006,2.4214648678671558,300.27374250181595,1
1762618420000,1,410,1.0,-0.02479134428802743,0.03240476272438923,-0.012680807314446265,0.04272566293198492,-0.025189704829885314,0.032348905567875647,-0.012257068907434965,0.042792623886105566,9.168473444480663,106.30363673671621,35.97463419577499,11,1.0777550049771254,4.45974617409791,322.3851811378469,1
1762618422000,1,411,1.0,0.02091428885908899,0.035560760366775114,-0.006691140015982574,0.041794096605359245,0.02116265267988568,0.03516337738193324,-0.00587464332572845,0.04145880378831802,9.169030956962773,106.31605213021633,7.01747298779834,15,1.4348120807211013,4.866767903988169,25.740699246797067,1
1762618424000,1,412,1.0,0.03074444723346502,0.017002301390790536,-0.013167881133458128,0.03751922682864714,0.031248225839402524,0.01737957063106937,-0.013286774134086634,0.03814497949037155,9.163029112517147,106.30786579978857,39.93684425471143,14,0.5040323203775035,0.6218096637641185,198.2874316036243,1
1762618426000,1,413,1.0,-0.00559959071915105,0.03630596330674007,-0.017352432041526897,0.04062739575222818,-0.005346072699649695,0.03595160593313743,-0.017875805561095113,0.040504850165623635,9.17450499260265,106.31551761198797,9.735411475792038,19,0.622976283817,4.446372667282689,163.73220454788168,1
1762618428000,1,414,1.0,-0.03742122623298585,0.001945014216593129,-0.008310287593113967,0.03838218509886222,-0.03707380264555038,0.0019416650351742931,-0.00818386766011584,0.03801595185692878,9.157990354997244,106.31178349498462,3.7133383358862515,19,0.912104079608604,2.6904632287899792,239.15403483666344,1
1762618430000,1,415,1.0,0.00743537115978431,0.03309882364584334,0.012713791024281417,0.036227853279369025,0.007268746957785102,0.032912287595626526,0.012655639799648616,0.036003035647733814,9.158494400742086,106.30817951801643,47.493420465172264,12,0.9597695787155743,0.4195742752891263,247.4544091770635,1
1762618432000,1,416,1.0,0.03704881541618464,-0.011818779998399441,0.010960238994103646,0.04040328109449723,0.03737285763476379,-0.011428829106687521,0.01057598554386634,0.04048703610740431,9.153361084930513,106.3207107665563,40.10283969642868,13,0.8297376048382121,3.7603070878141582,125.2571239086372,1
1762618434000,1,417,1.0,0.032686792644726764,-0.017949035545980856,-0.01877966081020754,0.041752484364127276,0.03152990066806976,-0.018328209767197196,-0.018912236813493286,0.04108199862103083,9.164795762773254,106.3168003404469,24.5282249640844,19,1.163388056507432,3.1041229801679564,76.20254793862632,1
1762618436000,1,418,1.0,0.013624907068125778,-0.026310813616747267,-0.026279786556702312,0.039604598056994705,0.013029364314559888,-0.02550329205589449,-0.026981299960870102,0.039346826907747295,9.165800275891574,106.3251842226719,0.9700141824145581,15,1.185673221267204,4.947493380278935,108.13159730275393,1
1762618438000,1,419,1.0,-0.015376167072744381,0.02580727715244168,0.015567635930043651,0.033834795053646664,-0.0158519390694525,0.02573728955554769,0.01617055735361303,0.034280883463735694,9.16174177059957,106.31085723643584,24.59717317270778,18,0.8827744557634237,1.9019842056665948,328.18605287671113,1
1762618440000,1,420,1.0,0.0022360487149930023,0.018870564304360488,0.04074874452356634,0.044961742529262626,0.002190208345910665,0.018349764352074707,0.04103034408367582,0.045,9.165051884700999,106.30981877890875,21.464292115072926,18,1.179707522938228,2.4032251832361986,322.7063692520489,1
1762618442000,1,421,1.0,-0.022134372994119328,0.02065791935848956,-0.01845758969240611,0.03545931072818355,-0.022366541656925858,0.02049332352382917,-0.018722388501580065,0.0356478095532871,9.17631726478745,106.3203177679752,15.295969718103153,16,0.5333122415306752,4.921298589908069,57.28907002939809,1
1762618444000,1,422,1.0,-0.02958964827976936,-0.01769415822895411,-0.006017336850100133,0.034997697974571064,-0.029733664739502168,-0.017768266853957493,-0.006504062270549802,0.03524350935780585,9.175993565826667,106.31499240038244,8.240830157645568,19,1.0687792511644698,4.195360070906428,269.29460724312435,1
1762618446000,1,423,1.0,-0.017764932701451575,-0.02678715910172722,-0.0178569873797929,0.03676978004979679,-0.017386533493905076,-0.02715816698870973,-0.0181007573088411,0.03697965651915781,9.169899128303348,106.31250935062424,41.458000986381535,12,1.1505214863629747,4.039316299246715,355.37061081103417,1
1762618448000,1,424,1.0,-0.023552404394717456,-0.008871718094664877,-0.026939271447643957,0.036866617431673264,-0.023085368986035748,-0.008725057724430807,-0.027499701483297362,0.0369498914096718,9.153973940359526,106.31768362296683,45.85700842639548,12,1.1415014280447116,3.253691985853891,92.40217945823677,1
1762618450000,1,425,1.0,-0.03844292045338421,0.018165902803839687,0.0030469052552742687,0.042627946106965964,-0.03772727369059418,0.018754587714677338,0.002944270798736874,0.04223447017554287,9.162515338090518,106.30631157895436,0.5694369948736677,10,0.8787805495767078,0.6110890169022143,300.40023511486567,1
1762618452000,1,426,1.0,-0.0294763809546633,-0.03231888966991491,-0.011717045672570668,0.04528417850611488,-0.029210419228574896,-0.03233287295196912,-0.011239961528525149,0.045,9.16131061600636,106.32045947222556,34.31113875736855,14,0.9179196569494652,3.113279485236741,297.0541639709647,1
1762618454000,1,427,1.0,-0.012625376037283635,0.03776615112434276,0.006528853319466055,0.04035230125403773,-0.012042675630591514,0.037615399442431786,0.006365164880238437,0.04000574503130721,9.166553548741625,106.32861623993058,14.67957873804185,10,0.8829343571880066,2.762642010553782,30.3907599988774,1
1762618456000,1,428,1.0,0.022004447167514714,-0.013651861142067496,-0.029010323786737395,0.038886603014426195,0.02267471126894871,-0.014030418117240056,-0.028963539271823307,0.03936853782940406,9.166986612320054,106.30946555453059,30.787378881512396,14,1.023678509939241,3.4359588780550467,214.06953048926763,1
1762618458000,1,429,1.0,-0.03994873487971978,0.01602549696075844,-0.004730216092393479,0.04330234307298112,-0.040273206736710615,0.01604296135588835,-0.00493719147861233,0.043631223333993774,9.163737165048351,106.30345440809157,12.950487203759431,17,0.9808418018697617,0.5726831494965884,33.5620212511006,1
1762618460000,1,430,1.0,-0.006999928143911952,-0.007758694384610626,-0.03764698981608709,0.03907034904868761,-0.007411600589029169,-0.007709136808126943,-0.03712109078607626,0.03863079076029678,9.161356255204868,106.30457619750034,28.929563746445215,12,1.3893703766832575,3.4589530818149865,88.874824716234,1
1762618462000,1,431,1.0,0.008208058171928552,-0.03712831888385005,-0.013871346636451672,0.040475900726274376,0.008996740318976822,-0.03758724999125535,-0.012974456364389838,0.04076860576747364,9.152828465779018,106.31852087603386,48.14882815155344,14,0.542398663099729,4.564789106018894,247.57995081055608,1
1762618464000,1,432,1.0,0.015634425750979706,-0.01456523009374168,0.035231172106887886,0.041204571157478276,0.014525452113426113,-0.015226020596265854,0.03436968232330069,0.04030006855207513,9.161645388137673,106.30601416002871,40.14444160532965,13,0.9688756521852089,2.2434204368078756,172.8830120472674,1
1762618466000,1,433,1.0,-0.009487100814675478,0.026451368254418458,-0.02139948424550669,0.0353216348768338,-0.00982438210646955,0.026348640754393984,-0.022128532012271624,0.035783254217526955,9.169052957598552,106.3237536546538,40.53664784381331,18,1.0792930168439296,0.1255586445992679,106.90264325002498,1
1762618468000,1,434,1.0,-0.016750472512260393,-0.024943355139556242,-0.022401471665690335,0.03747766305135293,-0.016804953385355766,-0.025376795660334146,-0.02276302972417002,0.038007153780489564,9.164713355884153,106.3124764314752,21.578468838747238,15,1.0105312602246976,2.2639447035411746,334.89134922649947,1
1762618470000,1,435,1.0,-0.03069457471304776,-0.023772203627584833,0.0229010387181679,0.045074739671985393,-0.03123215732436173,-0.022320262816519457,0.023481018220422572,0.045,9.174174031907244,106.32235249293701,47.82267057448192,10,0.5611873961210718,2.4330941131714816,172.77367528612044,1
1762618472000,1,436,1.0,0.025714825650406895,-0.020980785451688338,-0.006501996648791588,0.03381895292319823,0.026156366084486512,-0.02092587587267909,-0.005826854401437471,0.034,9.163945216137758,106.30874314822991,29.501128555241184,18,0.9763646827331879,4.373113107874237,14.72666049699249,1
1762618474000,1,437,1.0,0.006147285723886691,0.041094950707445455,-0.0006578193016871442,0.04155739190146736,0.00609443306945429,0.041169619004715115,-0.0011092404321568006,0.0416330404578838,9.16082358902876,106.31471815231089,47.527969864597964,16,0.9928366544854302,1.0457744695694542,251.10532729992647,1
1762618476000,1,438,1.0,0.014473870388604202,-0.01696927203613634,-0.03827716357208456,0.04430113281380771,0.014563046588487278,-0.0164857688781892,-0.03777363482441991,0.043711673375565835,9.16076381927573,106.3207586766284,26.168870219573133,12,0.7733588536391708,0.2569111990439704,210.0583535026643,1
1762618478000,1,439,1.0,-0.025696388871522844,-0.02707341960861303,-0.01964964639187223,0.04218273407054328,-0.02593978297846146,-0.0268104825751077,-0.019917135778315147,0.042289083869146114,9.155030212463313,106.31590175153242,19.620707749069854,13,1.429356385320185,1.5736089321561575,187.0266136497031,1
1762618480000,1,440,1.0,-0.010056945319621372,-0.01234082470308851,0.033899054186606915,0.037451087811447153,-0.009182369945482698,-0.012039322607203458,0.03347143649497922,0.036736878850733234,9.169237395990548,106.31959197596919,33.05641062403738,19,0.9833250491048875,1.873850620787546,152.77324368906187,1
1762618482000,1,441,1.0,-0.041314282551081216,0.010498181316463384,-0.004241587909157985,0.04283774996022818,-0.04187856932240209,0.010292228081588011,-0.004957447039185875,0.04340876419020701,9.1556249964934,106.30954583032356,42.395477626062075,15,1.2328437091082398,1.1632953368235555,192.3628769390637,1
1762618484000,1,442,1.0,-0.03336306677686349,-0.006272844535066458,0.02844855524600841,0.044291794938834415,-0.03301641252641616,-0.006092955969843661,0.027625168217986145,0.04347824200260373,9.17732893351295,106.3267062333804,11.926041383488894,10,1.121238025246654,1.3107074171267081,212.6868691088275,1
1762618486000,1,443,1.0,-0.006743515888524242,0.028074909190566575,0.025868232796032332,0.038766493271729666,-0.006279264292650623,0.02890732775289435,0.025766681032085532,0.03922989433173953,9.159956533120168,106.30230437243677,37.942519122820826,16,0.6173345156932312,1.0881911412630147,201.33850334645538,1
1762618488000,1,444,1.0,-0.01816361530070447,0.006119474335448319,-0.03190516860507271,0.03721968122717219,-0.018235999124207633,0.006461937814020159,-0.033050039939028844,0.03829638944263241,9.161504369721438,106.32396597748516,5.787220324534509,12,1.4423705064208159,4.302968451356937,241.37402098946077,1
1762618490000,1,445,1.0,0.005236063427348696,0.037350471159548294,0.017616007902032476,0.041626887830582986,0.004846718750728354,0.03773326806205309,0.01746619136050658,0.0418611758307534,9.161465689982547,106.30973124577947,24.520935746578964,13,0.962630409350686,0.2879293682657086,109.4937867916452,1
1762618492000,1,446,1.0,0.006735916891388749,-0.03175004342382153,0.019013698045057866,0.03761593475019445,0.006304098661251801,-0.03193762404437044,0.02020427166315923,0.03831404550512886,9.168781513374055,106.32315034348709,26.147016549899433,13,1.3734211423042288,3.796618182387915,163.9433183192233,1
1762618494000,1,447,1.0,-0.03025742138653879,-0.011647663089074407,-0.019497424878999983,0.03783291135124825,-0.03022782260815214,-0.011112153521130878,-0.01904047043877144,0.03741310906670046,9.171993387329143,106.32869878616214,32.63016497231591,11,0.9062039922350816,3.4059683219030705,232.5241568529191,1
1762618496000,1,448,1.0,-0.014792758580839612,0.009900492731151737,-0.036909125759879015,0.04097717690506701,-0.015300319074511307,0.009069843582248506,-0.037926277255198884,0.041889907290736814,9.170222968659813,106.30913224590223,49.95904781558128,14,0.7826667426128464,4.06398539016612,143.4775766101686,1
1762618498000,1,449,1.0,0.03829703864756707,-0.011090917158166175,0.0090205376682315,0.0408783770764757,0.038546005991104006,-0.011196670081796948,0.008902419682997037,0.04111463334384785,9.177944614156566,106.3105566897623,22.91651894069444,14,1.0879066798909562,1.6809988786206014,297.1847354475847,1
1762618500000,1,450,1.0,-0.0054323902004253105,0.0014596032226380892,-0.03596988696995514,0.03640706076420563,-0.006829741694250038,0.0020563655356632673,-0.035937932321714404,0.03663889996146945,9.159434392529388,106.31323852971715,8.653343430892619,19,1.2022459447242153,0.0948943700103988,251.84379874035025,1
1762618502000,1,451,1.0,-0.03782333016696813,-0.0038417368129551885,0.00039713963969744955,0.03802000745072146,-0.037821627816123755,-0.0027659758017788134,0.0009615925915079247,0.03793482322496646,9.172259839658832,106.30293594170301,28.729587634156985,12,1.3402834070219636,2.9534209826887095,261.19274787329334,1
1762618504000,1,452,1.0,-0.011077325436992767,0.009341447302979835,-0.03871724921732796,0.04133999472070696,-0.011492751557100745,0.009853559076922872,-0.03845533141170441,0.04132781725206003,9.174310219868927,106.3026504174564,33.82759672237785,17,0.7334978737575033,0.9009875453508481,76.36147826195841,1
1762618506000,1,453,1.0,0.0214432362568813,0.019241836738452426,-0.019970107631855725,0.035055183084182984,0.021510986730283514,0.019023695651868094,-0.01992034792586651,0.03494916033115692,9.162291839170024,106.32070987323368,21.8946406970218,12,0.5294566140875138,0.26658242273918886,87.503539719815,1
1762618508000,1,454,1.0,0.02031563943389556,-0.03354800903834197,0.0008112771105506473,0.03922820779228679,0.020450057138738067,-0.03372820237925091,-0.00021914722706197008,0.03944419473408587,9.168400178910607,106.30701093276046,6.573456315791809,16,0.6808880647973224,3.614545249546416,81.110482821763,1
1762618510000,1,455,1.0,0.03042813770455608,-0.023548066033100185,-0.007900336063971839,0.039278471049550394,0.02899234605641701,-0.024147649683919244,-0.007696577847066534,0.03850847212845868,9.17087307685178,106.31457060823254,45.0114116034123,13,0.7397788993273561,0.9391361711481105,310.9667627614371,1
1762618512000,1,456,1.0,-0.033803677114222795,0.015902083324572245,-0.010242033617719961,0.038735824415271895,-0.03447806361519016,0.01519548630668237,-0.009768185673956126,0.038923734740008605,9.14823187956791,106.31706604859609,26.021069770810556,11,0.9038274697396399,0.6106705819599473,165.64850473815568,1
1762618514000,1,457,1.0,-0.009953808725246583,0.03603938094969156,-0.024606332004252895,0.04475920980177494,-0.009414297254939898,0.03586453881102813,-0.02532016784997801,0.04489994473140442,9.164408794114363,106.30985806060964,35.25996667955014,14,0.7474648373560078,3.020100360451517,56.817049101033554,1
1762618516000,1,458,1.0,0.02504039199073746,0.03330073125495885,0.00025409864647768596,0.041665627311813315,0.02495054218295182,0.03419406601648911,-0.0007278703134911801,0.04233548749166041,9.166051034019308,106.31260394566213,39.39483480815186,12,0.6480311233392807,4.4546450744461,10.99145602350558,1
1762618518000,1,459,1.0,0.0008753852357917757,-0.02100102831153539,-0.03348131087224166,0.039532362276704903,0.001248774674231907,-0.02119890499296177,-0.03362589238836607,0.039770009429236974,9.161182082264508,106.3118415354211,17.391152228504335,13,1.033559381206426,0.9033156196385472,175.93669067287817,1
1762618520000,1,460,1.0,0.016671025825035,0.01493263057480095,0.029639625537092186,0.0371404625701069,0.015873647651011718,0.015242272964226483,0.03049854754594643,0.037609320351168464,9.15595091187604,106.31072725244303,7.857624446918843,19,0.5987533983856985,1.4385610044515673,45.617735422013496,1
1762618522000,1,461,1.0,-0.01436372435987031,-0.030140880978385805,0.023097890243587143,0.040599283458508835,-0.014231674940079254,-0.030086149446564306,0.02289772155257833,0.040398299622886255,9.15805803248488,106.30894126758514,39.3572738335563,18,1.4494450815297215,4.423129344917408,54.7533393616108,1
1762618524000,1,462,1.0,0.029546750276443545,0.0008179739760231702,0.03053737543285924,0.042499539193400236,0.029367744210144913,0.00015020032766333924,0.030650879723144227,0.042449539313561276,9.167897848096857,106.31582344048545,0.5086117065962181,12,0.8417983369443611,3.237989112795476,61.155372331593355,1
1762618526000,1,463,1.0,-0.009969512792866416,-0.03315029547846674,-0.02634979672616922,0.043504540718725185,-0.010100295599578538,-0.03224979658527952,-0.026573131446558543,0.042990657890602815,9.166620230498586,106.31780392021804,8.477619795888819,19,1.3620791017736489,4.089589757120268,238.3906137699222,1
1762618528000,1,464,1.0,-0.02880593817748348,-0.021615296898886926,0.018331343065654395,0.040410905370985524,-0.029286423262673212,-0.02216724842827135,0.019175753825869026,0.04143417701839239,9.168967628098716,106.31776086593283,46.116842532052,11,1.224714249439748,1.7363826229002615,158.08352984347383,1
1762618530000,1,465,1.0,0.03127928638549372,0.017103422444019314,-0.005355200935842966,0.036049951361237224,0.030881964727518883,0.01619856035611291,-0.005731535024425504,0.03534033951136533,9.164014851454468,106.30860636107319,17.564913284651713,10,1.1421314979802863,2.3615944618379165,188.91582896810576,1
1762618532000,1,466,1.0,0.022514229415364982,0.023156494530908813,0.02705884945948553,0.042134250903496505,0.02204521635400954,0.022939326405457434,0.02715787796426661,0.04183006807971037,9.16390027647981,106.306240731187,43.46996024810989,10,1.2688373562279462,1.2372302055938178,152.0704961296028,1
1762618534000,1,467,1.0,-0.031226356356161684,0.0260972973496041,0.017952979663026197,0.04447992512377561,-0.03127730594347599,0.026645175632112737,0.01689627205041176,0.044426560307427115,9.165046478965273,106.30767066085015,1.5848934799373382,12,0.6586853604448979,3.1675703307422602,334.3593455838705,1
1762618536000,1,468,1.0,0.0015919296889894351,0.02045568960515836,0.0402047108290631,0.045137437346462785,0.002302471719878839,0.020488631516811247,0.0399989325175996,0.045,9.172178982480874,106.31563067699814,12.79463308903579,11,1.141366101415803,3.725367970622551,351.6106511703056,1
1762618538000,1,469,1.0,-0.03519798162184307,0.017247754977758108,-0.020725243740329417,0.04433868164617037,-0.03561441706114544,0.015869146920632255,-0.020217475602229983,0.04391995954370386,9.166089989172537,106.31242274012645,9.242089793977426,15,1.3292050423198298,3.4731607598935494,116.84805222854104,1
1762618540000,1,470,1.0,-0.013795256692868864,0.0068982388238027275,-0.03697584368714654,0.04006379690529415,-0.014346446599320892,0.006996362963358952,-0.03760294732222087,0.04085035216567839,9.174633394757823,106.31017750915787,25.503137007584552,14,0.9625758777324874,4.087959914564211,241.95186896242197,1
1762618542000,1,471,1.0,0.024822525645613013,0.029135804772253474,-0.00856480579069369,0.03922255470244492,0.02464446213058665,0.029749260226571626,-0.008607535107100295,0.03957849995078338,9.15140350228533,106.31367623041686,36.73907788400878,12,1.4403861295810894,1.3610597542721585,279.09829478009,1
1762618544000,1,472,1.0,-0.027939514833863578,-0.02713736208559564,-0.008887830849966217,0.039950550025425406,-0.027257356588114522,-0.027812626527897434,-0.008660689001253108,0.03989377415748428,9.163630620123845,106.31760235998166,34.523360143376394,17,0.8540496714038157,3.483002963999668,51.08063745227407,1
1762618546000,1,473,1.0,-0.0391711384626452,0.02380073988415346,-0.0061963026461289055,0.04625199967542246,-0.03795581221192025,0.023424640492619768,-0.0059701371110690675,0.045,9.184143643462798,106.31432743707339,32.02542559203365,18,1.002644439571144,4.511401395983695,226.3271785320327,1
1762618548000,1,474,1.0,-0.002596942445359628,0.03671853354588489,-0.008635656976571185,0.03780964674843957,-0.00236375414378983,0.03635197941834444,-0.008575077341257006,0.03742439969715695,9.160129028563864,106.30939223866562,3.930518185974768,16,0.8381474044770445,3.395195567063367,209.78363896609977,1
1762618550000,1,475,1.0,0.010851412731289083,-0.03062192887012746,0.02174790331686124,0.03909510179896546,0.01050408219601954,-0.030492444539088163,0.021037436126150794,0.038505825994412546,9.15478980648142,106.31025616127097,10.057167973232378,12,1.2760268829910844,3.1014252804451967,303.43931651578566,1
1762618552000,1,476,1.0,-0.02065654491835186,0.008713706892087857,0.030978489568308443,0.03823987907536976,-0.020474431866802745,0.008193337920405256,0.030498924536047706,0.03763665160985806,9.159965023992305,106.3149042481855,42.74910361608998,14,0.802547257240163,2.2049891560403365,114.1507710181756,1
1762618554000,1,477,1.0,0.01477070998824202,0.030578563922786274,-0.015029013236640076,0.03713615063524734,0.01371975351099402,0.03060838174196826,-0.014812569266819859,0.03666765437751405,9.16136901601372,106.32289388907797,12.882177748844214,17,0.7425793972592021,2.6685303685749817,183.75845160972966,1
1762618556000,1,478,1.0,0.014605058650805422,0.03216354540949463,0.014021017048419581,0.03800513531845613,0.01563467461292014,0.03243712150067154,0.013517046205342201,0.03846193494376711,9.166528172372955,106.31473117567684,21.380549987407623,17,1.4759875630413357,3.6281379075763343,304.5739504504103,1
1762618558000,1,479,1.0,0.013208458433885248,0.037470077553403994,0.007576768536547981,0.04044598258806686,0.012992802342022764,0.037039510896129786,0.007536006588816154,0.039969109014713726,9.168805121092742,106.30627034536155,23.067434721684826,13,0.8847132864397835,0.08593974512646374,226.4071249633837,1
1762618560000,1,480,1.0,0.036688815426596924,-0.0063909288846925845,-0.008312591167055019,0.03815772950958554,0.03696313079655736,-0.0065355449670623745,-0.008485898010246065,0.0384837219008271,9.334711853102913,106.32696773704134,15.584667352369136,17,0.6273461589296748,3.4594138415886837,20.10313041534473,1
1762618562000,1,481,1.0,0.03465571100793337,0.0026546331661270236,-0.0009388072340135383,0.03476991144272202,0.03496738855692145,0.00251700244457988,-0.0010792021886322843,0.035074467083060445,9.353456705814606,106.3346720829931,12.345754734439469,12,1.1881676163416577,0.36663670448132457,90.51586893481955,1
1762618564000,1,482,1.0,0.008337295379333826,-0.03601973585104523,0.0059721561556671104,0.03745128187617891,0.008839921433468581,-0.03512923151541459,0.006527762002759207,0.03680786321668458,9.335383211875014,106.3372485927857,10.204230266013687,12,0.766774330516873,0.9431113866951257,176.19838337259006,1
1762618566000,1,483,1.0,-0.03247505750454933,-0.000429853142752874,-0.020502435021721332,0.03840786345877658,-0.03320051096909784,-0.0005402876594165309,-0.021663625651313113,0.03964692315583058,9.352072183235466,106.32704834875909,19.95610546156029,13,1.3581254091210968,0.7190214588194671,211.700930902106,1
1762618568000,1,484,1.0,-0.0011625142080133337,0.0355377545612957,-0.026432167678141508,0.04430511174467474,-0.0012015982123243904,0.034878446673089,-0.02635679948312342,0.04373363419137437,9.341587424121476,106.3381755421643,39.15776594342054,12,0.5597318989161575,2.175969156102186,271.5500586430932,1
1762618570000,1,485,1.0,0.010297644790221081,-0.03311491059864435,-0.022751534027173222,0.04147615089146287,0.011392019860596507,-0.03385115497261501,-0.02258950831954498,0.04226067552232235,9.321766584066431,106.33793328594166,38.81563502045216,19,0.5092353983272316,0.632459546128184,228.68585782829413,1
1762618572000,1,486,1.0,0.02406311309823604,0.020098555087266833,0.028701119461617644,0.04250575945591898,0.02417571017394378,0.019715940093648247,0.029431288724705382,0.042888040433060416,9.332737977655189,106.34419543856086,29.887133844872675,13,0.5093003322196794,3.6132033281460374,210.54627487224377,1
1762618574000,1,487,1.0,0.001641515218377676,-0.04245109908391804,0.008596029256365238,0.04334376661783191,0.0017318209557385762,-0.04282144790686401,0.008967314602728269,0.043784567325112475,9.342524178204833,106.33771094349414,36.539678794302354,15,0.9335977114366997,0.2638974097472979,41.64774067962617,1
1762618576000,1,488,1.0,-0.005282286277047707,-0.03957788039458243,0.011341536968364086,0.04150833200268746,-0.00535658493168295,-0.03879753998286541,0.011002133486074603,0.04068155665775066,9.329176134735398,106.33375041609112,29.213265678096473,18,1.0162437069276566,4.710322600392328,140.327450175957,1
1762618578000,1,489,1.0,-0.011275997829221125,-0.018096221868359016,0.0333046245908297,0.03954515636698853,-0.011029035937382015,-0.017847035270403575,0.032833501350525846,0.03896402331107602,9.325285424749614,106.33465058138538,13.093067961225158,13,1.3565572053313342,2.574857300358675,119.0684687194924,1
1762618580000,1,490,1.0,-0.019468843394272958,-0.005543348245944816,-0.03928634942551602,0.044194816710450203,-0.01953972707950326,-0.005376402237439799,-0.0401782698064486,0.045,9.348039603880904,106.34139022924981,2.579670873365525,11,1.139540252265272,4.158796608171981,307.68631989640727,1
1762618582000,1,491,1.0,-0.021843768225301378,-0.01785791012879987,-0.023111361194078427,0.03647177238210577,-0.02157938793874563,-0.018287826120181025,-0.022757579052821785,0.036304572334050274,9.340618000424875,106.34336375265012,26.15045012363193,18,1.1522530183416482,1.5716762753732527,148.06281286719548,1
1762618584000,1,492,1.0,0.027437373329559055,-0.03133937917809193,-0.003611795886636187,0.04180922400643837,0.02714355478232902,-0.03162977250180079,-0.0034471470845286348,0.04182221775276084,9.324987370692577,106.33631856574995,29.790068301623325,12,0.9795541115125517,1.4688018899418231,310.5439012915627,1
1762618586000,1,493,1.0,-0.037075100377108774,-0.013495984179529272,-0.013368100952675462,0.04165826184597382,-0.03697031453351421,-0.013569538470073797,-0.014217884484091657,0.04186985514903006,9.328405269645444,106.33314822793255,49.15646247366211,11,1.234976464162528,0.201660711227995,101.91488900163407,1
1762618588000,1,494,1.0,0.021086825675099986,-0.03242336980041147,-0.005885052243064364,0.03912241002507242,0.021888067263577345,-0.032935624603494085,-0.006295604550043187,0.04004344507166804,9.351070234989114,106.33690712403826,40.954232085350355,16,1.1578374963666482,2.168144112265264,163.9776758031817,1
1762618590000,1,495,1.0,-0.006264231461073286,0.03881426931680758,-0.021393126910465923,0.04475995953307903,-0.0071007431303175324,0.03913420377636653,-0.021049787214769362,0.045,9.333489693697548,106.32423815072538,48.096382428377154,14,0.993477780495984,1.8207540018236057,250.5509829044382,1
1762618592000,1,496,1.0,-0.035793384960733185,-0.020711862355440723,0.003104808408136043,0.04147032052479454,-0.03565340514875209,-0.020369489409303023,0.0023601035469242794,0.04112969105462592,9.337281972628354,106.32891086723154,4.906330799937936,15,0.5979582001484625,4.192604197894955,226.34887989389634,1
1762618594000,1,497,1.0,0.030190054220455606,0.00687907133752961,-0.03230448353303917,0.04474752118986335,0.03023290751075634,0.006446633967290458,-0.03270186866125282,0.045,9.331294899986057,106.34001457301761,37.65761303084986,10,1.3888205533487348,2.372924043436054,351.4248095131737,1
1762618596000,1,498,1.0,0.009625783953028218,0.04293402016870408,-0.0032866005353766508,0.044122415478260055,0.009437739094997191,0.04264655198099794,-0.0033345541896088755,0.04380546274994291,9.335575223677205,106.34878436967219,34.57299181171563,18,0.5484016146132916,2.6952744788033423,53.003870922894556,1
1762618598000,1,499,1.0,0.012984899797472768,0.04100504617593592,-2.199688375681855e-05,0.04301188113189123,0.012811024575978302,0.041263126027075936,-0.00025585167100727294,0.043206867281605006,9.335283363287218,106.34098374592425,11.939273935221923,18,0.5604139207432864,2.290025171685376,19.74403896994716,1
1762618600000,1,500,1.0,-0.02251490950406686,-0.02535678929004351,-0.011945119252971174,0.03595238221653314,-0.022073714593399952,-0.025362328678129778,-0.011866979802385198,0.035655599862554274,9.33362109973877,106.34359112236811,1.6003146947913327,15,1.0979478152762123,0.550706863594706,173.4931218979952,1
1762618602000,1,501,1.0,0.021077576269676542,-0.02105994388530702,0.02074056179091298,0.03630366870247402,0.02092582655694726,-0.02187102994321625,0.020819387852127304,0.03673797869243498,9.335605016888836,106.35194044281931,13.56420051221588,12,1.033633358593225,2.322901821799714,177.99735990412924,1
1762618604000,1,502,1.0,-0.018040788550803193,-0.026143767367233336,-0.029685754437947263,0.04347655276395441,-0.0184413869379663,-0.025684903004461426,-0.02958903268794653,0.043304847880494324,9.349689104011283,106.34254064681625,21.404915503767235,18,0.6993678936655298,0.38889843787470846,300.377366169774,1
1762618606000,1,503,1.0,0.03417947458587593,0.012609947736204939,0.01047217896931738,0.03790664581892959,0.03433092758387303,0.013176101861209332,0.010698152905525586,0.038297163401694694,9.343429553908466,106.3469660988537,17.112602442510372,17,0.6032090033519809,0.6787290603165508,169.323124426304,1
1762618608000,1,504,1.0,-0.013352478228826289,0.0075941594110475255,0.03086233963023956,0.034473815272811584,-0.013804716265776238,0.00826504444375339,0.029951942327071115,0.034,9.339592329546122,106.3382157812367,25.952979797489718,19,1.3145810963819868,3.7738204901887644,136.49602469540824,1
1762618610000,1,505,1.0,-0.02766726835692526,-0.011179249311286063,-0.03284775246563877,0.04437824011316678,-0.02689236443882129,-0.011714554316677483,-0.03265293256208167,0.043893553659422706,9.33778082108706,106.34208427316487,41.80451373335881,14,1.451014641201795,0.30853520520669087,287.5739634793544,1
1762618612000,1,506,1.0,-0.02979391399964349,0.00897892852744489,0.018612581554189173,0.036259159684560525,-0.030429352015696062,0.007995815304142454,0.01842392007133357,0.03645983210696386,9.367096496349198,106.33852142197388,41.172898052557386,18,1.3155779917511732,4.210382624747072,199.24257132880388,1
1762618614000,1,507,1.0,-0.031183596120012314,0.01166713188221814,0.020668182386629173,0.039188166536597326,-0.030891990346652676,0.011146133223354778,0.01988039062969376,0.038389859142743295,9.3429479561594,106.33635335031188,18.431029966906927,16,0.8689683447586055,0.9015429467052494,199.42026165068577,1
1762618616000,1,508,1.0,0.03914400444447782,-0.0001983334522475894,-0.004867808743883835,0.03944601351308662,0.03886718629418288,-0.0007172531547655591,-0.00553360450848316,0.039265677141379386,9.344118390143455,106.33054232290498,48.34428242199182,13,0.6434748356480253,3.267765401629523,359.85555977687835,1
1762618618000,1,509,1.0,0.022562581386578892,0.013062585370319561,0.029236753006590583,0.03917255342393787,0.022806625856013476,0.012624161897370987,0.028391541060402453,0.03854336843520211,9.341476760608248,106.35066140801223,37.65564936533507,10,1.4257611029764865,1.6377682864609882,300.19333945788793,1
1762618620000,1,510,1.0,0.016005763562864476,-0.011344088828156849,0.03271290770250067,0.03814455595394657,0.0160782496933894,-0.011691618687902531,0.03378103969090965,0.039196462893290526,9.34336114009648,106.35435164990271,28.880873248588486,14,0.7766131134887745,4.843818788435617,291.8413615288147,1
1762618622000,1,511,1.0,-0.005354904368167818,-0.04488987344473259,-0.00647381973651803,0.045669312241999674,-0.0050535247846285325,-0.04413431622351677,-0.0071849856460378175,0.045,9.348204756978031,106.33611996343913,12.471900463019603,14,1.355363373774858,0.23198181212209845,123.97708959418856,1
1762618624000,1,512,1.0,-0.011378453265532173,0.032293778368104,0.0027045493217788394,0.03434635216493967,-0.01241565193860602,0.03257732743272082,0.002828972834251676,0.034977618029480656,9.34114663127833,106.32177584679943,7.934382444461802,14,1.0388348729552255,2.5429667411853076,241.51087299076625,1
1762618626000,1,513,1.0,0.035778042349111215,0.00678706591603241,-0.012930619020074132,0.03864367330269817,0.03561368360725538,0.00682775975329041,-0.012852052024952241,0.03847243174766084,9.332697088323048,106.33167595378363,22.942568939899793,18,1.229803735562006,2.7265349877323937,149.63910217503738,1
1762618628000,1,514,1.0,0.037047624731075895,-0.0018247551328556724,0.002965049395096513,0.03721085523640745,0.03762437998838569,-0.001239437467902038,0.0031817562350564873,0.03777901199722669,9.328255985449871,106.33787989848622,31.111394002285277,12,1.1889790237296431,0.9411905183919467,352.0203150895603,1
1762618630000,1,515,1.0,0.004522860493697437,0.03995354824823312,0.012786055719922734,0.04219271863180079,0.005676461031610251,0.040133090957112316,0.012737315612042369,0.04248677922149452,9.34106514105553,106.34793364348307,46.16122988762103,11,0.6621766790854405,2.0615754836852056,278.92294628618424,1
1762618632000,1,516,1.0,-0.0018548567744084957,0.019597426404633807,-0.03171295866072028,0.0373257466416301,-0.0022949457596022644,0.020307988727725296,-0.03170041325343181,0.03771733530676961,9.343369002557017,106.33668300518609,43.1759205702424,17,0.545402573418567,0.5009305751456306,69.2496329678845,1
1762618634000,1,517,1.0,-0.034666643390510135,-0.008356295475873382,0.01678960942606067,0.039414398672624286,-0.03412100467369564,-0.00798439529463558,0.017038610866466075,0.03896546918006011,9.323810001631402,106.33759514882577,30.06376789247136,13,0.6261521297572908,3.626455790498876,32.682564192486645,1
1762618636000,1,518,1.0,-0.0011500108278416792,0.015402224201960682,-0.03100097967638923,0.03463541216973626,-0.0013043846577153614,0.015210964448745022,-0.030379683033299274,0.034,9.339939050526626,106.34448868101684,49.09831102018939,13,1.467919246975157,1.8648037073977064,87.68443895345293,1
1762618638000,1,519,1.0,0.025140084802079684,0.01000494857104613,0.031212998682102998,0.041308281814837075,0.0247112352764722,0.010042832992248993,0.03107899993105882,0.040956170232507375,9.338336301676527,106.33245199001287,20.153286311583358,14,0.7440144317713497,3.965099919560867,90.45819505884792,1
1762618640000,1,520,1.0,0.0298501419213164,-0.007090685927372038,0.027089610815699588,0.0409286673835031,0.029337545565691955,-0.007362625233579686,0.02723320404546827,0.04070070309873412,9.339579980420195,106.33760674094007,47.790143749454714,13,1.272168075299561,1.2134935723057616,344.87720978636287,1
1762618642000,1,521,1.0,-0.015760399970139186,0.017170918735752914,0.03566032254296652,0.042601517124593105,-0.015201831342942696,0.01656047816652713,0.03623691181193733,0.042643392113543455,9.327435134009193,106.337289645428,23.11147952528988,13,0.7649678677638355,1.3241307377275369,117.78677850514637,1
1762618644000,1,522,1.0,0.0031565941703242183,-0.010927394586784649,-0.0377560515884994,0.039432112177321205,0.0031222414986651803,-0.011180545499198339,-0.037922964909475707,0.039659856998745684,9.347749237194472,106.3480110380567,29.133885083870066,12,0.7838432276785613,2.0468775649901123,108.22984607030561,1
1762618646000,1,523,1.0,0.028508491423419834,-0.018658216753800305,0.014242382017120133,0.0369284251111875,0.028879657714392167,-0.018988332730641717,0.015092906057915481,0.03771454921993729,9.339670621530859,106.33926812197149,14.389481794056463,16,1.3767485513315911,0.2127715020725307,286.57335067773374,1
1762618648000,1,524,1.0,0.016637251931757177,-0.005521068074464737,-0.032687466578672386,0.03709111505273811,0.016923804107638468,-0.005059916952763151,-0.032756626652792706,0.037215782871156025,9.33897049157195,106.34121209072354,15.872215157362051,13,1.0246850548527915,1.0159976450329338,94.91188285464395,1
1762618650000,1,525,1.0,0.006207721949551771,0.015210831278391323,0.038901959339310455,0.042228753716158834,0.006108203665292668,0.014505005205445145,0.038563747957163046,0.041651746476351774,9.33744052624651,106.33210451536327,11.332351329701435,19,0.8128883405557857,1.673252501235794,287.13356711863923,1
1762618652000,1,526,1.0,-0.010135926885422395,-0.028455599855460176,-0.025699461074471706,0.03966006147850732,-0.009387404692475908,-0.028163253014689266,-0.026183882294964923,0.039583934610726866,9.335144388049248,106.33336993629075,48.91036479624534,11,1.4067318107100042,0.2195692727279469,101.85108820515,1
1762618654000,1,527,1.0,-0.044114701195458426,0.005038573904347658,0.003970848834839431,0.04457871385564303,-0.044586308969190455,0.0049432302551026975,0.003553241780251339,0.045,9.332645434563053,106.33116646019113,48.03316074373119,10,0.754959731299341,4.520267500765271,279.2813578186827,1
1762618656000,1,528,1.0,-0.007209121364621745,0.025535941877137914,-0.022355556524670757,0.034696205353470004,-0.007911017861571069,0.025439963342444267,-0.021293741932377836,0.03410570896424396,9.35282392541096,106.3302546266873,42.724638519960244,13,0.6975668315303399,3.39668642244187,318.91576375946744,1
1762618658000,1,529,1.0,0.03292967922693463,0.012317535901512888,0.01715413157902994,0.039119684238303115,0.03328068072215517,0.01265558997773391,0.017487937074268618,0.039668572070697586,9.348907674209753,106.3405779627176,25.792768103073744,18,0.5535981431356917,1.700811265763143,85.00512886588793,1
1762618660000,1,530,1.0,-0.03276103802711003,0.02196967391848335,-0.005427303106210923,0.03981717975579038,-0.032727417049903895,0.021615525147379806,-0.0058236060724149484,0.03965134476713265,9.356651988296314,106.34165494912286,13.859587421525932,18,0.987107858536058,1.8998516625820145,76.96437007405329,1
1762618662000,1,531,1.0,0.01559140601437758,-0.040072426706969,0.0029694774697661373,0.04310114987020672,0.014861693583405874,-0.03963147154223844,0.004296327952419537,0.04254388212945598,9.34993158151938,106.3257198971318,7.205242975136655,11,0.7591536474411507,2.329529948376174,2.5570318310649487,1
1762618664000,1,532,1.0,0.03299698577881831,-0.009884322566658428,0.026261765528659307,0.04331490773130619,0.032283428086050926,-0.00952278232355458,0.026573379934917377,0.04288411866104391,9.33641587654138,106.34634990940063,29.59463264599037,18,0.7331511571710992,1.445119319881778,315.96316148001233,1
1762618666000,1,533,1.0,0.0325557066361186,-0.007082808790272737,0.021553422016959586,0.03968110653166995,0.03275549083286077,-0.0073256192741677105,0.021718274979854034,0.03997837347306963,9.340126072044638,106.32694787950906,2.1847111330130895,18,1.3125476862105119,3.362830266785281,252.6664032316832,1
1762618668000,1,534,1.0,0.0016029053935638412,-0.03914609238107891,0.003967234423034772,0.039379243306290085,0.001206626226016682,-0.03916330383787274,0.003916101845630014,0.03937710207737735,9.342441476360209,106.34123133179739,43.75520306615779,16,0.793658395036253,0.4604659823547069,94.35567776170568,1
1762618670000,1,535,1.0,-0.007265403816235459,0.035081262310046046,0.01248898545918258,0.03794016098646525,-0.008149720133333049,0.03433391875222367,0.011584788818406192,0.03714085684395312,9.350972351620703,106.33621067197329,11.573308883542028,18,1.4398348805286858,3.4690481149246812,47.032841734671365,1
1762618672000,1,536,1.0,0.03514216843357813,-0.024865102255997158,-0.003868188557799875,0.04322277403330175,0.03580530642865554,-0.024781448242291587,-0.0044296226069048044,0.04376941514202469,9.335087411538426,106.34101022232171,2.4408928883994427,10,1.344782311234638,1.467280006794045,192.66576071253408,1
1762618674000,1,537,1.0,-0.022837942902932465,0.03586719651693203,-0.004831743883481143,0.04279454604242674,-0.02253370217139318,0.03598679093276934,-0.004985355563098901,0.04275126460443504,9.330438885113086,106.33165266404036,45.81954787952586,15,1.2646670548346788,3.3810108366061065,341.80116599093054,1
1762618676000,1,538,1.0,-0.0026305239108692364,0.006252160815148747,0.035912702024891344,0.03654765844254281,-0.0028624585567925114,0.005705150709220194,0.03618213588305066,0.036740840636324754,9.33032017142329,106.34235140259321,49.063431791134775,13,1.0651419948875032,0.8295410547977455,47.68624624146079,1
1762618678000,1,539,1.0,-0.01802297001281615,0.032331887347827715,0.016544296850696236,0.040544939830260564,-0.01761387528264961,0.03225688876711464,0.01627583436549023,0.04019525170588703,9.334606299570899,106.34047486899716,29.5750478793974,16,1.3793502957132069,2.9271557506710617,160.73811148884718,1
1762618680000,1,540,1.0,-0.02890488019118729,0.02777352289892585,0.0042325562252599706,0.04030850040976514,-0.028306618939614867,0.0276487160219849,0.004549804884377826,0.039829849333669794,9.335414239237663,106.33997611504223,13.876138417248118,15,1.2563368608086019,1.9382879886927924,245.94873316183234,1
1762618682000,1,541,1.0,0.002240006780721773,-0.0380397111547308,0.01645518353859215,0.04150675029921982,0.0023099970960944066,-0.03854074070913509,0.01694064826280884,0.04216290246836614,9.338210904703107,106.33580886349161,48.836626413071535,10,1.049207576305259,4.027985957150568,170.20603298266542,1
1762618684000,1,542,1.0,-0.003844807473769803,0.039950217691392516,0.003400089757969558,0.040278568103425144,-0.003372797535124727,0.04066550223043923,0.0030450522029023077,0.04091859207970384,9.329714321131856,106.33583288727151,47.065372891354784,10,0.7872883659575015,4.175056425013285,3.304462656121796,1
1762618686000,1,543,1.0,0.015814710606289854,-0.01620328493036521,-0.03283132459688034,0.03988166732824766,0.015656997805993635,-0.016931454197631094,-0.03271940692668824,0.040029680378159196,9.330945575431334,106.33162051944629,4.068506791739196,12,1.351394753832435,2.639059989707746,80.98358371234846,1
1762618688000,1,544,1.0,-0.0372063169741496,0.012337425262675462,-0.00594879994457157,0.039647324066997634,-0.037318181924899434,0.011466336399724882,-0.006023422943982808,0.0395019644647408,9.343188169416706,106.32145373855863,40.0386314465243,16,0.7909215916836094,4.229263125599297,191.58049049377897,1
1762618690000,1,545,1.0,-0.023621629234026862,-0.029543093908544968,0.003879325024953341,0.038024004628762716,-0.024083309943959928,-0.029929148569489562,0.004091710363071283,0.03863291143114486,9.343689231863554,106.33020869870386,13.524838014634966,17,0.5026405686938142,2.0178786394961956,299.44847963721685,1
1762618692000,1,546,1.0,-0.021099469053661737,-0.03604251205740705,0.00430593366797564,0.041985608659489124,-0.021000892023159533,-0.03608261475126444,0.005320988622620475,0.04208688005755034,9.3338019713811,106.34450479714141,15.974028951958614,11,1.3595801314137468,0.40788817621109863,146.70946228385571,1
1762618694000,1,547,1.0,0.010689994594322101,-0.029749701338870945,0.01464406665322827,0.03483919347979869,0.010846093998922392,-0.0300603662255543,0.014324105571615562,0.03502061354509218,9.33646752945704,106.34423040492325,16.96462090618253,13,1.0207214998923062,3.5236717989022353,193.76524278039352,1
1762618696000,1,548,1.0,-0.03352426860485735,0.013478299004194356,-0.011943028929302652,0.03805492175190025,-0.03311188241782111,0.013515767041748769,-0.012204145108332672,0.037789070824825445,9.34565139189159,106.32988167644908,39.70505786257778,16,1.323913902765184,2.668214475308419,257.58163903174824,1
1762618698000,1,549,1.0,-0.016099082303992658,-0.009151894098010491,-0.03084243920436125,0.03597490337286048,-0.015325656662727921,-0.008915733142077446,-0.03130934337143133,0.03598112049331907,9.333146305734417,106.3277242907265,4.601423027963946,13,1.1510855196802243,1.6215994653550188,165.05535851508654,1
1762618700000,1,550,1.0,0.025155135727254006,-0.0017869405620506299,0.029033140925735654,0.038456433558541274,0.0249040074718585,-0.0015675267224804109,0.029259869737820084,0.03845525588600697,9.332113747566211,106.32754668973101,27.082289131965748,11,0.7304194851756798,4.201776867009382,349.90688932578394,1
1762618702000,1,551,1.0,-0.03288995470024171,0.016176673895862012,-0.02589892853516998,0.04487971031308978,-0.03268976790009638,0.01660887709332628,-0.02608686022381018,0.045,9.344280668997362,106.33701175873937,26.993117225507763,12,1.0680692163103367,1.1517920812478049,3.446420492451452,1
1762618704000,1,552,1.0,-0.0250797711444778,0.0026146069988200174,-0.03342286781476939,0.04186787770333251,-0.024757397725760532,0.002366838093679297,-0.03416224565993101,0.04225623851270555,9.335874569453315,106.32106503686329,44.0352840568542,11,0.6708489714759489,2.7658428664601606,339.1834996804414,1
1762618706000,1,553,1.0,0.039687147669939936,0.006832945417148471,0.005255957432777504,0.04061260791656352,0.040210934004619316,0.007044003323702062,0.005200485629741345,0.04115315598023221,9.334388858109554,106.34664860387728,48.24584897841715,17,1.221145911314667,4.430731955199315,114.02217825967787,1
1762618708000,1,554,1.0,0.0032857240774284784,0.03481126200021631,0.009029657010332226,0.036113081431593995,0.0025252584053487596,0.03450904664422356,0.009004606663439831,0.0357537993990883,9.326901363908124,106.3315983808339,30.524769427945593,10,1.4825203461905887,0.5805551163187067,214.05807017453813,1
1762618710000,1,555,1.0,-0.0006874355438040475,-0.02889038479929273,0.022096503351881434,0.03637832269164972,-0.0002847874178935756,-0.0290104850608229,0.022436798006119172,0.03667559477506824,9.341738652104695,106.33309026479047,41.64802144146834,10,1.3792110611762585,1.1210372614285862,137.9556891632095,1
1762618712000,1,556,1.0,-0.02906603498318135,-0.019044879385228693,0.012641982866147185,0.036977852171663377,-0.028389415706579074,-0.019483132474875462,0.012566608787223058,0.03665339045171152,9.334446835829075,106.33739671317178,3.991284760128444,14,0.7242615119992377,0.21860457110429665,154.00220490144412,1
1762618714000,1,557,1.0,-0.038334198040763656,-0.0026554237355489218,-0.02035916291287606,0.04348629127848031,-0.03711456282403805,-0.0019610127996764304,-0.01931473188294905,0.041885501220949604,9.343212387604106,106.35247076605175,6.129138906843179,17,0.6255178592542511,3.2426938882089047,230.5774380949833,1
1762618716000,1,558,1.0,-0.011462488412796517,-0.02781172159200844,0.02459289675971325,0.038854743205415695,-0.010965673073429662,-0.027358618158598132,0.024421167664268197,0.03827706106256872,9.322296780952634,106.34490876408071,21.079730359669497,14,0.6991874327758185,2.1501162923512576,234.44353889518854,1
1762618718000,1,559,1.0,0.031233688774668478,0.010884729503743359,-0.021697313524749327,0.03955747799132021,0.030722811622101748,0.011015730449319482,-0.02178317992024506,0.03923957694390935,9.3322752492194,106.33827158782091,18.092931115512446,18,0.8707025431438834,2.717135578358381,336.2136712032216,1
1762618720000,1,560,1.0,-0.02040206218432919,0.0008119423540805196,0.02714544601829253,0.0339673171047055,-0.01994879052120057,0.00026614791400454127,0.02753134435564543,0.034,9.343808870917265,106.34353703345447,14.124200958549437,17,1.3752694982765328,3.0372313468590866,233.39127662318558,1
1762618722000,1,561,1.0,-0.021542175517471167,-0.006360987810128832,0.03348882672225206,0.0403240499848312,-0.021772313262862306,-0.005571005610067461,0.03358518045444887,0.04041081630555744,9.334393211258952,106.34831909319448,44.81790127830877,18,1.2438499135828152,0.3872690100161502,61.18965907528673,1
1762618724000,1,562,1.0,-0.0304537962671787,0.0036609982371073758,0.029017931760330733,0.04222412792257694,-0.03030702391471091,0.0044933923886776375,0.02881464423564477,0.042059362764457826,9.32924062895665,106.33036217082383,9.682164803515569,16,1.4787318697872238,4.126207551070568,184.28714004172627,1
1762618726000,1,563,1.0,-0.02151224955457879,-0.03471599658367808,0.002035518175782676,0.04089157167363912,-0.020450706575494765,-0.03365732846717801,0.0017769168811354035,0.03942340158569476,9.343043287752794,106.33988819834194,29.638215538149414,16,0.8961472554760292,1.2657377548768252,211.48662640276174,1
1762618728000,1,564,1.0,-0.012744040573385853,0.0420424125800811,0.004476601594477414,0.04415897403162288,-0.013528074366191006,0.04200299405322133,0.004762408546082418,0.0443840155985456,9.334974080851843,106.33929116281001,24.979711365311324,11,0.708119170661111,1.215274154171443,32.509773732000575,1
1762618730000,1,565,1.0,0.03277565515450501,0.0067724215597396034,0.01666084890663121,0.0373857345906089,0.03220406768153585,0.007196939734018242,0.016509935065384854,0.0368981825112736,9.335928616414995,106.34097737065828,4.782358932804409,19,0.6948004214913907,3.523609129495036,60.009621424401224,1
1762618732000,1,566,1.0,-0.0237083316111946,-0.02397547824095016,0.021900007819392192,0.04020595586673799,-0.023086595973784676,-0.023495126711845175,0.021378720158692695,0.039269091770578614,9.322645186173675,106.3369498410979,42.54358528380315,12,1.3541602494109148,1.9679777619132865,284.95485745674466,1
1762618734000,1,567,1.0,-0.035483100468606206,0.026928556659482482,0.005742627991000045,0.04491297539543754,-0.03466906736570539,0.02620853996209224,0.006373440970247409,0.04392553413168282,9.344238073601225,106.33410517121786,21.958192889891986,19,1.1389783178952655,4.6052571874262185,165.83404258163847,1
1762618736000,1,568,1.0,0.024076381509898458,0.001257465060708309,-0.030580970087765755,0.03894161137521028,0.024385722946872926,0.0006316029110134978,-0.030941522263881825,0.0394010178280351,9.330843300402167,106.3250247610251,9.182370216853709,14,1.39217431107082,1.811247089255208,339.4039522154387,1
1762618738000,1,569,1.0,0.024155111175033505,0.02775648445752194,0.003527711423002285,0.03696399022295708,0.02434714230854385,0.027542466757457702,0.0034547077486585696,0.03692297143116721,9.326541377954221,106.33488679409488,18.72785750787123,14,1.1292156776801012,0.2966475952366082,270.42386109399723,1
1762618740000,1,570,1.0,-0.031202320962127716,0.016259166011030078,-0.02816574277580277,0.04506943952292458,-0.03065395375666726,0.01608270274870526,-0.028187033516867722,0.044641091688041534,9.324634309244447,106.33889551817715,39.88139043436577,10,1.485154384893594,2.5880053486363592,262.7879048909753,1
1762618742000,1,571,1.0,-0.01343188607275498,0.03804968025544291,0.0020034245287936757,0.040400587135034104,-0.013642227137743136,0.037947469624466705,0.0011254489115869364,0.040340890513599105,9.33283492236589,106.33169174634514,39.52828795906508,17,1.0508157542212806,1.1797558532890755,168.06245572409983,1
1762618744000,1,572,1.0,0.009368579177898514,-0.04141960367027388,0.0016334461401165,0.04249731744837291,0.010091360632077809,-0.041770411804584275,0.0017640398067805,0.043008309640941586,9.345666457013737,106.34249110433518,3.0499303312766237,17,0.5982776884749154,3.1481513902148155,31.693058073036333,1
1762618746000,1,573,1.0,0.015609138812674176,0.014915256853483928,-0.03848057127903033,0.044123287133205125,0.01612966612811353,0.014364657716864486,-0.03871570045298784,0.044333001052179744,9.331324738979365,106.34161636455178,5.277695152888883,11,0.8368427602295418,1.6222062635919443,69.88364153121354,1
1762618748000,1,574,1.0,-0.00028807844086595625,-0.021316814646793966,0.03127643582521796,0.03785108999491083,-0.00036836273569686997,-0.02134506606342177,0.030707239368387047,0.03739895835426849,9.319989969804388,106.33843740144225,10.644144455311,16,0.9187743347384684,4.07227505425325,138.53982342058993,1
1762618750000,1,575,1.0,-0.02000274680764197,0.031800586729666666,-0.005502467734875905,0.03796925529128841,-0.02020091022671481,0.031984397113575896,-0.00553638039932114,0.03823257695516614,9.3231809447306,106.33139935810286,18.293374258792056,18,0.7296434491454824,3.407974701875522,74.20553945626118,1
1762618752000,1,576,1.0,0.03812216326896352,0.0005488098839041313,0.015954028264177775,0.04132954805521548,0.03788614267574113,0.0013026560817986875,0.016101941334250816,0.04118651762950729,9.334834874898252,106.33086277772193,21.502961122324425,19,0.5817094370905789,2.4713442341643024,56.55890301818341,1
1762618754000,1,577,1.0,-0.007794992034113091,-0.0023009790914038375,0.03440661641893338,0.035353523996775486,-0.007105098435225396,-0.0027554617032706907,0.03509891163030238,0.0359166895830366,9.336829080781378,106.34374365638672,43.68562029183851,15,1.1692128522395258,2.478492330276716,153.998951325594,1
1762618756000,1,578,1.0,-0.0022406971100252934,0.04117197523322829,-0.0015168371881865558,0.04126079329339058,-0.0027821746785576217,0.04085131612680176,-0.001810024716423473,0.040985933132087704,9.334211861798876,106.32628079147136,21.68933634687796,14,0.5943246315835296,3.1913669309233335,9.680851965592181,1
1762618758000,1,579,1.0,-0.004416525273092555,0.03758822308648613,0.0016279990001377312,0.037881797621440345,-0.004992846038850356,0.03862447417191224,0.00204375577660185,0.0389994288970848,9.33104739579083,106.33798846795477,49.32278706151043,19,1.120018951793385,1.0044626951722901,75.3644434625642,1
1762618760000,1,580,1.0,-0.02863631166498361,-0.017815475242087323,-0.016252908867686492,0.03743776903792245,-0.027801721137312087,-0.018705965434421122,-0.016419887275556263,0.037315700973887624,9.338851145341136,106.3344874676611,43.46895343323431,18,0.5881159237878908,3.8546555990302793,206.59225470912915,1
1762618762000,1,581,1.0,0.03324903504937035,-0.006037029872993671,-0.010431760034356667,0.03536616573529108,0.0333395622790215,-0.005730031967234383,-0.009799525789368149,0.035219176381607396,9.33011760541315,106.33322893731281,32.194620276500366,16,1.3099456464645132,4.018827162274345,52.12766634736541,1
1762618764000,1,582,1.0,-0.03157193718608936,0.018038689982527417,0.019782252516271775,0.041394674398836,-0.031034435876646005,0.018193927841913246,0.018736101956303146,0.04056102485164034,9.338121791082708,106.3402234280481,42.1745221765616,14,0.8318564894265313,4.179683419837865,163.21873921634187,1
1762618766000,1,583,1.0,-0.003122371912572579,-0.027088897295789283,-0.025482865831560335,0.037322031215510594,-0.0032348012704426017,-0.027454050042131677,-0.025361850914901268,0.03751549392990589,9.337248034997302,106.34280592956875,9.263321806138835,13,0.8001053563101707,2.531203371827611,344.39723414383764,1
1762618768000,1,584,1.0,0.0135200372197719,-0.02531542078284955,-0.029469655244776256,0.04113541680939574,0.013504590561277386,-0.026199020303996425,-0.029915834794750084,0.04199666418400084,9.331675754085662,106.32488258751341,45.87327719943133,14,0.9548202266102427,2.3494525142490175,355.5437776049122,1
1762618770000,1,585,1.0,-0.038039220511717174,-0.01445627270335577,0.006425074688145233,0.0411976662246914,-0.03845774612958293,-0.014681446250550342,0.007002584326873081,0.04175618862671997,9.345949452921447,106.3224095386802,17.187930821126862,17,1.3548333488400517,2.9550376062864183,175.61019971029336,1
1762618772000,1,586,1.0,0.006634709430013629,0.03371579684796485,-0.01107583670802174,0.03610330296658063,0.005862855792800559,0.033257912442797445,-0.01110021019995264,0.035548227587083564,9.330067514287935,106.34053895210303,20.752778357306724,13,1.228123772013677,0.15707146672066574,237.84582764697066,1
1762618774000,1,587,1.0,0.01708908260390423,0.03307013242604433,-0.015138230284515298,0.040185027299557564,0.0158296855638639,0.032824045987105366,-0.014806555643898647,0.039334857697089436,9.329675427849587,106.33983852944323,5.826448374984183,13,1.223387180442135,4.989484365271431,209.05208084683926,1
1762618776000,1,588,1.0,-0.03221766790700732,-0.0018830405927751839,-0.016336348440408703,0.03617181565261402,-0.031423090885451165,-0.0006696953600007606,-0.01630487874163108,0.03540774213995894,9.347846978781183,106.33333418509369,8.287465118278575,14,1.4704208707807749,3.168663244665488,4.784173204683642,1
1762618778000,1,589,1.0,-0.025717547002016193,-0.03063161900371383,-0.015129194053694107,0.042761908508670746,-0.026217204461277538,-0.030449891140300618,-0.016105550967889015,0.04328887215208846,9.34768816147697,106.31902973168607,45.672761586262126,17,1.3371082748338157,0.2053713397654533,185.2813757757249,1
1762618780000,1,590,1.0,0.02326775171446064,-0.029928947587425172,0.005333392957204585,0.03828283236612188,0.023498595176202796,-0.030472824704518887,0.005821144661517101,0.03891866834692198,9.352597794746904,106.33973163464218,39.51648647562823,13,1.2653407159966006,2.1919462910648018,40.80872657656227,1
1762618782000,1,591,1.0,-0.0055429470557440035,-0.024317379610358156,-0.02886102044502665,0.0381446944450377,-0.005577496393779635,-0.02448627345721121,-0.02818316044499422,0.037748862055858555,9.335493677719576,106.34108965485245,16.691683681616137,18,0.5785879660535665,2.269002620893426,226.91433557132103,1
1762618784000,1,592,1.0,0.03870140354985693,0.016250106885719245,-0.006729490568900029,0.042510594607028176,0.0387273322505988,0.017004098291646747,-0.0068416563994796375,0.04284569855013213,9.339482898460467,106.33189539258937,21.260467796997297,19,0.7421056451297986,4.611051124407075,342.0158904973187,1
1762618786000,1,593,1.0,-0.0017786917101025438,0.017828371252797032,-0.034973853876493745,0.03929611966468806,-0.002019983742082204,0.018836681566620554,-0.03498612872797275,0.03978605421665762,9.332536991769945,106.34926135580928,21.122258565395178,16,0.9822400112517051,4.985061742747302,85.48880634742633,1
1762618788000,1,594,1.0,-0.017964598690587523,0.01077804449066057,0.040487465840038164,0.04558648856080905,-0.017223939150538374,0.010030423297884377,0.04034509299287597,0.045,9.345133323687579,106.33748268342623,8.719776157349212,12,1.2774361227102533,1.2582364278488196,199.28549713701597,1
1762618790000,1,595,1.0,-0.03557342798050244,0.010688967161237826,-0.018294973448413576,0.04140566206131925,-0.03479942247797046,0.011298728888836615,-0.018517084125859094,0.04100662731593333,9.33892933306657,106.32526404074069,10.163495941311462,17,1.0794763803863292,3.185838138647404,341.39655772308373,1
1762618792000,1,596,1.0,-0.026571491290043443,0.032571909130837774,0.015440844393109566,0.04478161552888228,-0.02697802161311891,0.03178382550374303,0.014935311043545396,0.044284181484789194,9.324631825189723,106.34760528785834,49.73735010897725,17,1.242706995192709,2.1602650383599276,40.69402190642724,1
1762618794000,1,597,1.0,0.034976764072953144,0.013943386523733158,0.010232885480540592,0.039019277261670385,0.03487644498979742,0.013512000332565253,0.009899963464580714,0.038690436088439764,9.343664630890844,106.32300126840434,21.281142516232894,19,0.5741895292632169,0.5417130845237528,317.5335920045046,1
1762618796000,1,598,1.0,-6.561559372308333e-05,-0.030740874729739548,-0.02490894019467022,0.03956590686661102,-0.0004256566016062398,-0.03161756609026211,-0.025035728803271925,0.04033161769289155,9.33556831710323,106.33461906220474,9.611567765845669,15,1.4155181905112255,1.4464488069271453,133.9378786682252,1
1762618798000,1,599,1.0,-0.04485610220622747,0.0043276531219313755,-0.0027473111841553933,0.04514804763687875,-0.0446593176523451,0.004710209616666866,-0.002891240597735814,0.045,9.333565360927201,106.33465791257954,44.09443216165695,12,1.1928108981046306,3.5636167066376427,45.37251924446934,1
1762618800000,1,600,1.0,0.01041655155526925,-0.0017807501817493753,0.0021850553128654037,0.010791204021501214,0.009986024352615546,-0.0016965100520197987,0.0025650079578005084,0.010448832209927332,9.240246068504032,106.29127449377147,17.782587448829233,13,1.2444376470282095,1.3290720583752857,227.35095666453972,1
1762618802000,1,601,1.0,-0.0011123306709768031,0.011930108168891639,-0.0011234620750746169,0.01203440598771629,-0.001367441303224045,0.011636661145623195,-0.0007922706277131365,0.011743486325761894,9.506942841091096,106.419231276796,29.129702306946747,10,0.560434120987772,0.9573133005356527,45.287376881320995,1
1762618804000,1,602,1.0,0.01029776735454275,0.007865237142887354,-0.00656531887988924,0.014526161908665734,0.009253684465867763,0.007567082437919787,-0.007212850710354497,0.013961254534818057,9.47946938738564,106.47707836414389,49.34195235316619,19,0.8825683426397121,2.18266978280191,331.2530009109945,1
1762618806000,1,603,1.0,-0.006090477095325028,0.00523146330147714,0.00314425656191265,0.008622555818926987,-0.006610160197812836,0.005986939159650011,0.0028453369787442466,0.009361282009677374,9.25988114219006,106.29127958813392,18.926584698000593,10,0.5852857922824192,0.9724990556379826,290.4813376957231,1
1762618808000,1,604,1.0,0.007638124036084567,-0.01085323130446213,-0.004432551299129044,0.013992179228346818,0.007927802513511835,-0.0110836242870498,-0.004026718716012357,0.014209547622905135,9.42641553129535,106.29132325010178,25.015901088589043,17,0.7449675658925675,1.7411836356452488,351.3615655630827,1
1762618810000,1,605,1.0,-0.004264688183149802,0.0019301268374405426,0.012956915342985417,0.01377659646332855,-0.004914204898009477,0.0020145474049303807,0.013089310679466294,0.01412578723788244,9.29273999184967,106.29128813869073,23.62697685320426,19,0.8128354559992365,0.1363355656782439,256.9666673970855,1
1762618812000,1,606,1.0,-0.002635610162661714,-0.007088558489047331,0.0052557296368499744,0.009209603487546783,-0.0029978877557487685,-0.008037835548224256,0.005160354155697439,0.01001116308470648,9.400056917320626,106.39103210934033,30.974864629315896,12,1.1807186170943642,2.139139333888516,291.071563268287,1
1762618814000,1,607,1.0,-0.006262906374746017,-0.012527723171576055,0.004239728239367031,0.01463363043356515,-0.0058180976672616465,-0.012592291218356932,0.00422488950672068,0.014500543091129484,9.460233852047164,106.40769936030478,20.03936360002513,18,1.49983106652006,3.0405353234300554,94.203012772273,1
1762618816000,1,608,1.0,-0.007377975901007053,0.006438002238409104,-0.010771426533750834,0.014556992504964512,-0.007550080222669505,0.006514581022799383,-0.010767959560479216,0.014676253962352887,9.249715371159953,106.4905119858894,28.594699946367903,19,0.6057744908991165,2.3003858349457924,31.345553383186466,1
1762618818000,1,609,1.0,-0.01195049789544833,-0.0030373522249283126,0.0011016886606069012,0.012379564870879014,-0.012339656077753308,-0.0037802086197731097,0.0012340630100001445,0.01296456712886673,9.440849856569873,106.42094364499926,22.03633273938636,14,0.5487033325930843,4.135354994804652,214.9416688119434,1
1762618820000,1,610,1.0,-0.0019995175075291707,-0.009101893171597585,0.0007538696949009995,0.009349376935763182,-0.0023007926600376507,-0.009107731462403549,-0.00045182583819170863,0.009404709769248398,9.387514643216383,106.29131297827394,35.086512662511346,13,1.2317455111865558,3.0656633306022494,13.561164975081068,1
1762618822000,1,611,1.0,0.000771301232003094,0.010970376854989696,-0.0027601147796355563,0.011338531982922027,0.0007827645047775464,0.012202831080050327,-0.002725483357531818,0.012527971350955621,9.105263188355844,106.42385721912461,29.340822801899808,16,0.9592275677161806,4.602018100077801,58.27188927530964,1
1762618824000,1,612,1.0,-0.009467641662194584,0.0040490461754972736,0.0005112741042314623,0.01030982127801881,-0.009344528248365267,0.004956960651045826,0.0008278606073448169,0.010610231866726874,9.378988039854079,106.29131073274625,34.69177784504748,15,0.6615830951139368,0.4149307559451615,111.64521751033766,1
1762618826000,1,613,1.0,-0.002966371155739082,-0.009695371710579282,-0.008596356393528496,0.013292739886286051,-0.003307197866429927,-0.0105042458210158,-0.007942468116401955,0.01357790623682857,9.356896141823784,106.33661473952141,43.35338386587592,12,1.0005340101119917,3.2702896051245105,123.00600671775399,1
1762618828000,1,614,1.0,-0.012908167753817383,0.00493102790226655,-0.000500356547887475,0.013827009351578382,-0.012639598199036633,0.004610603703739725,-0.0007174353419246206,0.013473374581591318,9.14233471877659,106.44441408771824,12.064392163927124,19,0.8242887102638379,3.661160069813048,170.17127489212962,1
1762618830000,1,615,1.0,-0.0018920352972747797,-0.008506963759434815,-0.006439740390016366,0.010835981093619494,-0.0013679666764401348,-0.008079553757705358,-0.006249374278925208,0.010305590746269397,9.429504290095327,106.29132406759548,21.68631581970028,11,0.7997596525875433,1.8945510268064285,66.1048250703889,1
1762618832000,1,616,1.0,0.011187245546391843,0.002862021888696684,-0.0012135692577812654,0.011611131837597695,0.011000553392791233,0.0019093116696816035,-0.0009906157987237005,0.011208878876155013,9.241888425804005,106.33400725264624,17.353796492403912,17,0.9801790565146195,3.9476461150208064,250.60531699797872,1
1762618834000,1,617,1.0,0.003350350646322948,-0.009460149826380054,0.0006202142568752203,0.010055045992699707,0.0033455286863885835,-0.009076603247309543,0.0002467297231336052,0.00967668146922263,9.248136259868053,106.52216124121755,2.373942581129768,17,1.4736940046134697,4.770158422107959,319.36725172227835,1
1762618836000,1,618,1.0,0.01116453094261893,-0.0012297851803229733,0.0027415185249509907,0.011561792533214174,0.010902599999707063,-0.001055773455323056,0.0027869573033741436,0.011302587108861744,9.375036228144584,106.59242137314318,32.26772840168286,15,1.0144267543153471,4.6575664166678905,285.6530368068278,1
1762618838000,1,619,1.0,-0.006101843031440919,0.0013662702726614938,-0.008759851306862085,0.010762628756797104,-0.006613547240273352,0.0017269022544273197,-0.009349915988226033,0.011581974248052799,9.382389046692055,106.29131162816435,41.02372324284691,15,1.3311775153405936,0.3787688288497948,341.7145695939148,1
1762618840000,1,620,1.0,-0.0063031470645476635,-0.004499239052691039,-0.006295480680816563,0.009980275145160606,-0.006215819319718977,-0.004394625652525725,-0.0059673614726342685,0.00967256674240652,9.218266219582581,106.5933695470415,2.808448176611539,19,0.6359064704909189,2.5126079413338935,33.64266632930298,1
1762618842000,1,621,1.0,-0.005907014267715917,-0.005034729812105653,-0.012201291341374276,0.014460734152766922,-0.0055343882818480366,-0.0050251644485088615,-0.01232294524173854,0.014413074301470203,9.498014755827539,106.29716516388807,13.22528394455772,19,0.6159147705492759,3.5744590958145332,67.30630502432616,1
1762618844000,1,622,1.0,4.149831495961736e-05,-0.009338668604352996,0.007253066057123892,0.011824526233260914,-0.0006715716366103622,-0.009298443491703678,0.007402879969416028,0.0119043979970886,9.244809044114058,106.33995236705059,44.00367485153861,15,0.6295685583571384,3.3537634656396786,137.07753805218667,1
1762618846000,1,623,1.0,0.003618973878223749,-0.002601673896016262,-0.01293749190495735,0.013683726677455788,0.003088467399375832,-0.0026526166143253857,-0.013218379284100802,0.013831144445704687,9.099154923160821,106.37858722058094,7.661636176911124,17,0.5890744169324845,1.715128640261589,30.940469333271903,1
1762618848000,1,624,1.0,-0.0009607440651264379,0.013710397204297637,0.00335454523887324,0.014147473075356434,-0.00099575253511942,0.013832574194332021,0.002771903593882786,0.014142668824754302,9.339076152951904,106.50462902157591,27.815440921471264,18,0.6543929785647772,1.8161850589185087,117.30150498009341,1
1762618850000,1,625,1.0,-0.0035264500781507753,-0.008789446378837579,-0.011159615959971824,0.01463650389178401,-0.003646427941542242,-0.008677056453837935,-0.01050254670483349,0.014102880298831135,9.226413965543214,106.53408225079856,16.137179417970472,10,1.0381755074409025,4.637648976674599,248.1679647285312,1
1762618852000,1,626,1.0,-0.0043159947292237995,0.006782109971190779,-0.011053462846208175,0.0136676211191457,-0.004981181956479257,0.006535434564733109,-0.011127966866627944,0.013833138661136602,9.308547587068743,106.51620688952691,24.2310545348829,10,1.1825787563980896,0.6828354750364379,51.486124287868606,1
1762618854000,1,627,1.0,-0.0028343780643356902,-0.010686712621207912,-0.0006583166809554484,0.011075780176235714,-0.0025267354189009534,-0.010594245842295735,-0.0018818731475779074,0.01105277717986316,9.3539348550097,106.29130414719033,8.798645730699162,12,0.9333886097318405,3.259630240160983,327.814851000086,1
1762618856000,1,628,1.0,-0.009484826517131716,-0.007442484562515307,-0.0029107721224401833,0.012402624918626643,-0.009764038545971528,-0.007954218982482051,-0.0031748733358159063,0.012987912420669089,9.162674933239044,106.31942536966253,49.208928734322114,12,1.18095389868491,1.5429911363967208,268.49506221491225,1
1762618858000,1,629,1.0,-0.006707069030941154,0.005244007357901347,-0.005782873309284517,0.010292036332367305,-0.006685575808725553,0.0063931193108330755,-0.0059344575636822525,0.010990299586085385,9.380988237951362,106.57413471127458,37.76035108267129,18,0.8832150451952651,3.165572179590139,114.45079049408221,1
1762618860000,1,630,1.0,0.002892668637866008,-0.005255043051877288,0.009097903778095435,0.010897470462500026,0.0029071836815986103,-0.005167873217338229,0.008071671187721374,0.01001551328248964,9.244375149100563,106.29127556413309,15.375096463510157,14,0.805318797663592,1.0974322450042462,248.0945277090533,1
1762618862000,1,631,1.0,0.007796190119998122,-0.00458461456139165,-0.00015032634927136004,0.009045544155824235,0.008262493191104336,-0.004655119848397556,-0.0005654664304119737,0.00950045719004687,9.32367729118714,106.35687991609461,22.36278012425216,18,0.845667917516968,4.29064749112145,139.49279221247846,1
1762618864000,1,632,1.0,0.007773644258461831,-0.00329863008210979,-0.006294590523712562,0.0105324439394154,0.007317019569088841,-0.003019160073288197,-0.006392973327295824,0.01017468480524495,9.441966482052303,106.4149365624598,30.727149106219194,18,1.3770823383649606,4.232746564228461,277.62372200489955,1
1762618866000,1,633,1.0,-0.008236075981559801,0.006036579747927148,0.000315170731984663,0.01021628969917211,-0.007838271066610046,0.00528670849827851,-8.785015907299725e-05,0.009454919233387218,9.16744012091167,106.2912557026022,25.505509359727917,16,1.37676979022676,1.3261453649767563,150.61781924768385,1
1762618868000,1,634,1.0,0.004250768901134309,0.012897759414432606,0.006142690811081159,0.014904827559015113,0.004793831783469697,0.011896946564044386,0.005792872494087673,0.014073930952249599,9.352527713065646,106.29130377785069,35.81296471199971,13,0.9427923788263688,3.132586148227721,243.98141912280576,1
1762618870000,1,635,1.0,-0.015077177877133852,0.00036144388376039064,0.0037142997985791263,0.015532158813686112,-0.013944924582053823,8.004079736064658e-05,0.003982278310394939,0.014502615925061694,9.339197603619372,106.29130028190956,34.71046004808118,17,0.741007372703934,0.9321892920534686,282.08298328105457,1
1762618872000,1,636,1.0,0.006803732434240637,-0.005070270146546408,-0.009482841691077376,0.012724885104932498,0.006361936814280559,-0.00420199840564108,-0.00978249443321635,0.012402750822531963,9.158902698881832,106.43300653140018,13.611715747817799,12,0.5874911860793207,2.0150953757546217,359.29209078155196,1
1762618874000,1,637,1.0,-0.005098952835372139,0.009316035658686694,0.010326417975451661,0.014812925052635715,-0.004516523246776483,0.009011522158383046,0.010034855854151934,0.014223390800484544,9.288766667128067,106.57120020537758,16.19724552067052,14,0.8947441510593586,3.7252952989779446,252.56432069339633,1
1762618876000,1,638,1.0,0.011734523838732963,0.004473782933337162,-0.003519513421725855,0.013042268137947458,0.011087966567659016,0.0043898855799517356,-0.004124005281188087,0.012618300898689153,9.476563449186031,106.33016095499501,21.068619805371036,11,0.9034456852560155,3.606875533383688,47.81476580537269,1
1762618878000,1,639,1.0,-0.0007110968863190514,0.002967165335025714,-0.012185129886763756,0.012561334294748079,-0.0017310299102203928,0.0028014388335847505,-0.012560700228993398,0.012985211370286937,9.222230639643469,106.2912698295581,16.195756971725793,11,1.1220360299526466,1.3315501373476046,138.79063907203877,1
1762618880000,1,640,1.0,-0.008242678287328635,-0.003165809684785392,-0.006740841752327529,0.011108692265005903,-0.008180317021921459,-0.0033090720136427837,-0.007019217571070756,0.011275502626519152,9.300826032820193,106.41388281442408,1.0118174750639752,16,0.5958830048404591,2.96024133430226,348.98260293358504,1
1762618882000,1,641,1.0,0.011095876390586895,0.008852896437207299,0.0010883677861781784,0.014236459975748598,0.01168054386945306,0.009023283834908675,0.000827071988713539,0.014783058016731729,9.454467671160737,106.29133068486708,18.32542174017911,13,0.8487482395266248,4.844063272003156,255.33829318384,1
1762618884000,1,642,1.0,0.004800406221594741,0.0016180152678266684,0.013883947992168738,0.014779238314219446,0.004868521454543522,0.001298398495342843,0.013459819899628083,0.01437202461508062,9.38502144635432,106.45922040869957,10.608189081446607,14,1.1045679904745982,3.947903165154937,350.63113419887577,1
1762618886000,1,643,1.0,-0.008007014929875508,0.005082321696019193,-0.010161975599400479,0.013899929136218191,-0.007444966452189277,0.005102850317730954,-0.01049225538062206,0.013840304541865517,9.261485934114484,106.29128000499969,41.82755183547628,18,0.947228352357155,4.9151738033175,160.38149511208593,1
1762618888000,1,644,1.0,0.0008476627287050847,0.0031572385588269657,0.012528456349205516,0.012947930564878989,5.882168415500694e-05,0.003142650695384851,0.012545399579005823,0.012933165273074074,9.453915990375304,106.42226845572743,19.620395374130243,16,1.2726709237398444,3.0493209604352205,165.56236691997145,1
1762618890000,1,645,1.0,-0.007774793458628734,-0.005330383776302866,-0.0010979531820375908,0.009490305881106016,-0.00824966096147493,-0.004479975611170233,-0.0009571881226214257,0.009436275566029804,9.075815755351444,106.36598293431906,1.8462770843197196,15,1.2066327390135545,4.626723831165346,162.94694961807488,1
1762618892000,1,646,1.0,-0.005666253864105884,-0.006631409826720378,-0.006547254477313186,0.01090635458497091,-0.005070333026872424,-0.007000685193025078,-0.0069315599520356815,0.01107990945558215,9.255596495206323,106.5921654663754,28.389483942004713,10,1.1244456710550963,2.5541935630156405,200.618125065671,1
1762618894000,1,647,1.0,0.00930367293496292,-0.0033875778779683917,0.00042652360719091435,0.009910395367872743,0.009047916726667769,-0.003997264411620174,0.0005085841553825374,0.00990462405708696,9.21396380838436,106.53471489830233,48.13598775381377,14,1.447152245281496,3.0104666549599557,117.87654604199007,1
1762618896000,1,648,1.0,-0.010499192545868207,-0.007411602386836426,-0.004046377421881809,0.01347360620977505,-0.009702897104959134,-0.007660403906424651,-0.004097443632186983,0.01302371085973349,9.37073099739436,106.33846560163961,43.88986120696674,17,0.7288022150254795,4.117412114728872,243.02327627494822,1
1762618898000,1,649,1.0,-0.006000714660630408,0.002279021792943277,-0.01016307698102898,0.012020426385671027,-0.006384583472093531,0.0015745986150722737,-0.009954733099961508,0.011930590010648537,9.25119445291534,106.29127733296122,28.577397542722405,12,0.850408257868765,0.7475303466873712,332.15150635767543,1
1762618900000,1,650,1.0,0.005686886696329089,-0.0004948728301861155,0.013821897083089625,0.014954277595071674,0.005706491075387921,-0.0006015373749184234,0.013133481611835755,0.014332279192624376,9.188062484042815,106.57584222489547,33.331513191014686,18,1.253751044685091,2.342959488551492,346.92017113659034,1
1762618902000,1,651,1.0,-0.006253492761023377,0.010699602954861685,-0.00467388259093283,0.013245106778644017,-0.006195514538927732,0.010526449052893154,-0.004332527381562811,0.012959989335536182,9.45091616343356,106.44874917561346,5.944488852506402,19,1.287908618606413,3.689625589936194,113.3771354185548,1
1762618904000,1,652,1.0,-0.006893344038351059,0.007749445853214807,0.003188594766990299,0.010850771385070103,-0.006287164509440258,0.007038916211418772,0.0029386482316739906,0.009884858746065107,9.143931649229893,106.29918746278481,2.2161478742043608,19,1.277375700889745,2.3226019191375307,87.81903513202072,1
1762618906000,1,653,1.0,-0.00319595776268489,-0.006738401503872748,0.008034123811465661,0.010962086766041393,-0.002164450913799952,-0.007331687539244595,0.008243265999611319,0.011242327351207664,9.437778553185545,106.49110383367876,31.14604972102148,14,1.1347898422423102,3.321613976182749,206.6454891232013,1
1762618908000,1,654,1.0,0.007248256970761876,-0.007125129962478787,0.0061131217216848,0.011860647675424205,0.007495753340264644,-0.006936611935477776,0.00654397510531515,0.012129571858086571,9.290543199127502,106.49439831267642,35.31518442713904,17,0.886064603722829,4.701382011285683,231.52028954973093,1
1762618910000,1,655,1.0,-0.0037321004009135544,0.002197526030712326,0.009736294450490245,0.010656130802725938,-0.003812055824255491,0.0034881629649962764,0.00930300035250649,0.01064165710950826,9.112574128745024,106.30874235416532,40.001223204516464,12,1.2771463726536982,3.6095338418760092,346.2611790496828,1
1762618912000,1,656,1.0,0.000311263642867594,-0.008785741142510895,-0.008543903575343218,0.012259054644765333,0.0001898847008908789,-0.00891435773195389,-0.008248589580663332,0.012146648099089155,9.132413094542654,106.43060709126641,11.44216972471544,18,0.6135997568709716,1.1436925533093674,270.2281312271158,1
1762618914000,1,657,1.0,-0.009442914507965715,-0.006976773380795277,0.0006538235175119996,0.01175888967563582,-0.009458170300060761,-0.006670522355029308,0.0002896335229957283,0.011577423784743312,9.18215118159103,106.37722840430197,27.342057116367474,14,1.2958405966686846,1.407280916966862,58.81422411003942,1
1762618916000,1,658,1.0,-0.010890678589729648,0.0038340225173761093,0.00462621028102228,0.012438184368016863,-0.011276632545128583,0.003634599599724674,0.004903310215150377,0.012822449332096031,9.139383524844032,106.35831627154279,23.988821736290895,12,0.9568514083112105,2.0104109443088696,190.0122919331901,1
1762618918000,1,659,1.0,9.583240269491996e-05,-0.009736014129104098,-0.0009023413512172826,0.009778209186023663,-2.8484812554068142e-05,-0.009582222878646804,-0.0012713510384721178,0.009666237124322609,9.321354079939843,106.4016250270822,6.516442831725088,12,0.66912168964775,2.8064481450401244,11.60977133164343,1
1762618920000,1,660,1.0,0.005550639336286007,-0.0015010173973176437,-0.008637882517304449,0.010376688520492925,0.0056206539557878,-0.0013272766170688277,-0.009249442871445222,0.01090438478507887,9.123148974183984,106.51403687538975,15.015572518083992,15,0.52484778754689,2.2205857290035502,283.34847153254566,1
1762618922000,1,661,1.0,-0.008957705086252831,0.010538424008301676,-0.0017125471616158366,0.01393670257886662,-0.008735090901980162,0.010515634379825119,-0.002342459920932698,0.013869661061366735,9.189440309496375,106.38870915266267,19.4205999247971,19,1.4864482934451477,2.7216816985484864,209.74678289117455,1
1762618924000,1,662,1.0,-0.012205486303271017,0.0035806074110576306,0.0030860409281688976,0.013088861445587649,-0.011128374183275181,0.00407024165612951,0.0030412178420621953,0.012233420824330163,9.109426379716174,106.40240636605631,42.467082377786994,17,0.6176401290238093,4.285827742874427,206.8052416327767,1
1762618926000,1,663,1.0,0.0021278962582524847,0.005702732848748435,0.01106305093170714,0.012626963227459941,0.0017916202473769664,0.005916829555260494,0.010694295699770873,0.012352600358262748,9.278679653504403,106.60927335736066,30.58607090855739,17,0.7945279696530482,2.899194294857412,188.11482213405128,1
1762618928000,1,664,1.0,0.004870746410191482,0.007200300224155776,-0.008917695505413282,0.012453665606464596,0.004448922998403613,0.006955030377193829,-0.008204342492539395,0.011639441529914614,9.443888714464839,106.38697723926498,45.69317535971993,19,0.8962505094814995,3.87245701626994,200.16493451072566,1
1762618930000,1,665,1.0,-0.005660423740657332,0.007945239987684809,0.005857317288759412,0.011378725816492054,-0.005312872263283619,0.008360578207762667,0.006616785907862005,0.011912503322331777,9.474043844967097,106.31518096989791,38.392959200885244,14,0.8362567042230608,0.2795174145505447,81.14199540064175,1
1762618932000,1,666,1.0,-0.012493896171055948,-0.002736282169437564,-0.0017357889949647341,0.012907271015940941,-0.011462783149601698,-0.004200216140462239,-0.0018716269398012708,0.012350716601201002,9.237327405446639,106.29127373748165,36.50381171299018,17,1.3978682029709266,1.4254236605241473,282.4341404594804,1
1762618934000,1,667,1.0,0.009041478011303962,0.006524325774101995,0.002900083884759561,0.01152066135142192,0.00918314327498993,0.0062004114724814145,0.003127351709674303,0.011513277185626806,9.292485546493113,106.29128807235725,49.97495390541723,16,1.2359509942620792,2.5231268749857905,297.52897487419875,1
1762618936000,1,668,1.0,0.008531573244930398,0.010907404570244368,0.003305024426623815,0.014236657014663942,0.0081456486002286,0.011017581417978822,0.003008501737407698,0.01402817786186729,9.373986347767415,106.53617844732527,43.15344599988887,17,1.461734955596023,4.324384885205632,13.801545331585054,1
1762618938000,1,669,1.0,-0.012851224553691209,-0.00374367047023363,0.0031246297077689544,0.013745266528145875,-0.012943543120543074,-0.0031690193353739564,0.0029479560711678544,0.01364801952881323,9.443582654998885,106.54494456094255,25.900416787021573,17,0.5430661276784053,2.7135485177236762,152.4858580549441,1
1762618940000,1,670,1.0,0.005277347525018132,0.006143079707779855,0.0077262585638736584,0.01119298425764026,0.005006311153125068,0.005962806674620601,0.006902019259622299,0.010404618429380367,9.280726420836567,106.54244223823918,11.723768120331313,18,1.2271037904370155,2.4243649879448483,314.49567446433826,1
1762618942000,1,671,1.0,0.008530005924584604,0.0009290455778946079,-0.006426634719358148,0.010720343304918624,0.007772688028251773,0.0005879933024902514,-0.0064498721011823435,0.010117374433612316,9.362222476952335,106.55416145140069,31.307820206962482,10,0.9650169058272144,2.7949899569000203,123.71358138533519,1
1762618944000,1,672,1.0,-0.012691643549092415,-0.0031826026756246587,0.002291836551442852,0.013283798046742573,-0.012830640387318425,-0.003105047836846408,0.002935549450097905,0.013523464992070685,9.227680618947648,106.50632419382556,5.595829461240692,15,1.0975294790843266,3.0602831314735077,120.6959118131342,1
1762618946000,1,673,1.0,0.005060265666364863,-0.0031942098858291747,0.012862104290715142,0.014186013964259048,0.004924919800324153,-0.0030829128409737374,0.01237182808579703,0.01366825946524216,9.334301450071806,106.49679562772887,14.808055382453977,15,1.0335297195329127,2.871784889800859,122.9015848111969,1
1762618948000,1,674,1.0,0.007899360540665814,0.0019300933704538875,-0.006189838761819925,0.010219552889800344,0.008032008983376726,0.0013015138980724394,-0.0053786634173943,0.00975382626939479,9.13280433619015,106.29124681755458,3.7988499519539976,18,0.934519516784592,4.253186747139255,290.58772854930965,1
1762618950000,1,675,1.0,0.0003324989290881004,-0.0013317810046226865,-0.011431206531885896,0.011513326146546415,0.0006467702855451651,-0.0017934826940100082,-0.011509635008391719,0.0116664729032546,9.394743335243023,106.4224416607207,33.5053978494397,14,0.7959024241387636,2.2612225421720185,87.51198790583541,1
1762618952000,1,676,1.0,0.011554705770300473,0.006132004600428409,-0.003071967826123518,0.013436878066821485,0.011149020168946606,0.0055164827671663795,-0.003586583852441265,0.01294588029369244,9.19684480682932,106.46892081356931,40.862382026515206,18,0.9560525021936565,3.9763374890706435,167.56928039184277,1
1762618954000,1,677,1.0,-0.010737787437594161,-0.00047994740097266993,0.005317144402152129,0.011991766056590377,-0.011018155113048343,-0.0005673436594583412,0.005593687114561119,0.012369759757518658,9.188899691142336,106.2912612251841,27.925419156398767,13,0.8057933310258512,4.868448786411826,159.75144031716783,1
1762618956000,1,678,1.0,0.004972041076245318,0.004672164694197625,0.007428682243732449,0.01008640844264812,0.0052567608076418155,0.004719811321301434,0.006944628028631675,0.009906463120281673,9.25345746084943,106.43010495469368,46.7133755947618,17,1.1677356365436484,4.290031684193196,237.92834934003517,1
1762618958000,1,679,1.0,0.007256857571173737,0.0002409774120034525,-0.006822901058816854,0.009963535054377118,0.006573506610965066,-0.0001650080462791592,-0.007390498639684391,0.009892304431370635,9.401597124747196,106.51846853919609,11.232065552663,19,0.700156229069175,2.9086595634955015,119.28038644738714,1
1762618960000,1,680,1.0,-0.000343624875430998,0.009301799566422936,0.004603962585318035,0.010384508881787775,-0.00071169585888623,0.009198965319680567,0.0035615108221059687,0.009889986515876529,9.263176154676916,106.37338992139328,45.27525366553726,15,0.5403919505391005,4.816911896891495,20.88130156239656,1
1762618962000,1,681,1.0,-0.00999001441728662,0.010923987376418004,-0.00020892862257788306,0.014804645873071964,-0.009543654165795125,0.010252064392810433,-0.00030937660012261093,0.014010063277206625,9.297514190845616,106.29128938366823,49.866404409862135,18,0.9437533938832315,1.1037487008516451,296.59486620758963,1
1762618964000,1,682,1.0,0.005630486117540189,-0.01190961361277756,-0.007572185468284875,0.01519471168175211,0.00557133202576468,-0.011708629986953148,-0.007445581724200022,0.014952205319765743,9.196418916109055,106.43265588891012,27.01987790151798,14,0.8236676741066312,1.232905251458981,35.39493415176608,1
1762618966000,1,683,1.0,-0.002226581025896461,-0.008560855156206248,0.00893022780881657,0.012569601138770715,-0.0026565572744861867,-0.009013873440416861,0.009854373410289984,0.013616750209279313,9.377087250563127,106.29131023245368,24.60827109530282,18,0.9793456301077669,4.044930717757478,139.77363469024218,1
1762618968000,1,684,1.0,-0.003387109828515652,-0.008890178245675088,-0.011317403155233626,0.014784836705503176,-0.0032955858168421392,-0.008564525160561599,-0.010634573362780866,0.014046569962465288,9.425274251981943,106.29132294811322,47.966928790108604,11,1.1141558109161234,0.07534218302471973,71.07127628732299,1
1762618970000,1,685,1.0,0.004541890411827692,0.008795701617327874,-0.00438286815164266,0.010826018136360204,0.0041404947932457345,0.00904196186454019,-0.004359277416278278,0.010858364107210992,9.206678491799385,106.56212901124526,25.847884309688585,16,0.5211912782284243,3.4876397417645726,110.54682308040262,1
1762618972000,1,686,1.0,0.0020701645680888344,0.010762611738727189,0.00028899418297745317,0.010963708789244336,0.002083720502529966,0.010358617936909939,-0.0005421109443069359,0.0105800161139515,9.12506099262847,106.42565124125201,5.659589230586199,19,1.4793238350081173,1.5432044818058366,276.32174219727096,1
1762618974000,1,687,1.0,0.002096807829277009,-0.007131984741248553,-0.008812495710622458,0.011529175602446984,0.0023595944324004583,-0.007577978767807283,-0.009631320661961412,0.012480215774748369,9.324132195887247,106.57449040029566,5.728338650934778,15,0.8418736943574534,4.762643278618394,182.87344957930955,1
1762618976000,1,688,1.0,-0.008965232859062576,-0.0006262588589640261,0.005353337801509166,0.01046067999666911,-0.008830233154837584,-0.0006558135833451143,0.004937371893980334,0.01013808415058584,9.253724510707375,106.3319135819474,30.35366430662497,15,1.4485616381922881,2.3741183653782523,26.110131267202775,1
1762618978000,1,689,1.0,-0.011038434719279651,0.0031018430337598833,0.0017090651848274392,0.011592643143988881,-0.01103092362784182,0.003624506424325111,0.0013816954934823282,0.011693049445716131,9.336075121904187,106.51898790983086,26.419438257067434,11,0.596959496186655,0.43266068542757496,24.865823446100173,1
1762618980000,1,690,1.0,0.0024185397425735325,0.0007325028362999205,0.00973865794513555,0.010061180520393561,0.002264657172001484,0.0012268397146495702,0.009740859011380167,0.010075621175477242,9.293502101208421,106.29128833738272,30.670254505153473,16,0.6190195183085908,0.042071117249875,278.5052672935436,1
1762618982000,1,691,1.0,0.003978452474153982,0.007337708130885872,0.006358909624292558,0.010493129957886307,0.004294528073400828,0.008004339842433534,0.006944184055089356,0.011433902215663467,9.403304348957253,106.29131714221134,29.75427595193069,15,0.8305061946954538,0.8781756789362222,44.50720111385665,1
1762618984000,1,692,1.0,0.002921518945204404,0.008611914977555818,0.0022418508877553333,0.009366229120129821,0.003528945110257378,0.008647970494800067,0.0017631867108388437,0.009505244586407058,9.353321937571849,106.42760418635079,37.99922912143443,12,1.4596545453874654,2.730616143844502,218.76024784954782,1
1762618986000,1,693,1.0,-0.005168374471521072,0.011717376098115736,-0.0036259102133960317,0.013310004589712744,-0.005443975508782899,0.01117062028398304,-0.002982186535509526,0.012779399962507458,9.128029129209883,106.47374598146419,47.738871209462296,15,1.3288149764857344,4.134690458665232,156.2391287150536,1
1762618988000,1,694,1.0,0.008001275896915546,0.002723246376731184,-0.008599537774693704,0.012057716896051472,0.00843006995132277,0.0030447186792022427,-0.009208922543269403,0.012850706036152782,9.340063446070653,106.29130050882634,27.06657706762856,14,0.7873053353921188,0.1358429189524113,346.87994634707377,1
1762618990000,1,695,1.0,0.014088254282170084,0.004544836890647889,-0.0019408647077717284,0.014929883016807316,0.013773833319693488,0.005297056593085172,-0.0013288292092557446,0.014816986196133709,9.399572911845565,106.41823412844488,14.858989152284968,17,1.020193648768941,2.4227892411525853,107.46676141576879,1
1762618992000,1,696,1.0,0.005951004505067782,-0.006951639858997125,0.009458633246609558,0.013160755838568022,0.006808473524399946,-0.007573116650132825,0.009005625332982225,0.013594436184227178,9.37245156389872,106.29130901277357,24.056726113632248,11,0.655189131331155,0.745914429287643,277.37989035100367,1
1762618994000,1,697,1.0,-0.005125819460216707,-0.0007252766872439598,-0.010233097419831541,0.011468057124707689,-0.0048799797047252465,-0.00042054260786421603,-0.009999117915346087,0.011134335053722544,9.270513668850613,106.42397367524856,19.715510797163173,17,0.5536697972069363,1.2958031116347253,230.20323536055267,1
1762618996000,1,698,1.0,0.002538109186250252,-0.005425560116809055,0.011666216316217356,0.013114087995709539,0.002463376760009616,-0.005913679496105809,0.011870110482464714,0.013488489652675588,9.211862001979805,106.34430027964453,41.33978191160503,11,0.6727713265662891,0.5971307410303051,163.81789534688534,1
1762618998000,1,699,1.0,0.0002507845560404032,-0.013522286008698491,-0.0006303523974826407,0.013539293036920483,-4.964604450306211e-05,-0.013630479308363945,-0.0012568161213934185,0.013688389885902097,9.224004571050823,106.53436637279506,20.397461332699425,18,1.249976291822477,4.460449902848022,295.2468707409898,1
1762619000000,1,700,1.0,0.0023685482962293608,0.007463005101475105,-0.010351038748195455,0.012978846995895214,0.002731165645987084,0.007208946858134828,-0.010539953837398171,0.013058285013113954,9.186420506553985,106.42763454735731,22.674463035881775,14,1.2091062250607063,1.0309946615346188,304.2913567173291,1
1762619002000,1,701,1.0,-0.004577897240115622,0.004682422831060853,0.012542048830813932,0.014148682468145905,-0.004004182503957283,0.005450903399352155,0.012451034992975278,0.01416947768234106,9.388161649418514,106.29354472541934,48.68481938819561,10,0.6569237807600466,4.257064177361126,280.90658860859423,1
1762619004000,1,702,1.0,-0.003745477063999794,-0.0043206232718495646,0.008581572485839704,0.010312117640131808,-0.003519691868409525,-0.004563859930445993,0.008380510274634882,0.010171037350071008,9.139186045126905,106.43178805325697,34.44529877857796,12,1.0959201000505736,4.323431733378759,259.54464921637884,1
1762619006000,1,703,1.0,0.0012797977837113851,-0.0044944486845991585,0.008336976252693373,0.009557359697304528,0.0006323195922237956,-0.004480513829106132,0.008624081337114117,0.009739076503893034,9.35409151240274,106.29130418831258,3.5856618968686025,13,0.9259041179114339,1.707050885550478,358.87762815964817,1
1762619008000,1,704,1.0,0.005058338589985462,0.005697367575788146,-0.012428733500876673,0.01457807267852621,0.0043053727998375165,0.004929843660059023,-0.012362374277600353,0.0139881339440856,9.410162282577819,106.37426265313564,38.71218260753804,14,0.8715883995874465,2.8385418724111804,173.12461589008365,1
1762619010000,1,705,1.0,-0.003355139887167035,-0.008602701553803457,0.004054609879025881,0.01008480535049467,-0.0029961255538645554,-0.008999933852782268,0.003639497321681882,0.010159799134013726,9.303491680964743,106.35872183124756,18.38808302708359,18,0.9639008093848783,2.2926838457872223,325.8471482615509,1
1762619012000,1,706,1.0,-0.00012072390594802145,0.011558819343939068,0.007665945379807919,0.013870385627425277,0.0008201926095672241,0.011515348039591755,0.008622970419224215,0.014409426610401063,9.322194666303073,106.3410384193399,18.82846074637468,18,0.8824429533645238,4.80112659401153,295.5536837577266,1
1762619014000,1,707,1.0,-0.005107431540879782,0.0063458578833920755,0.00972107577553901,0.012682865742991776,-0.004773668959800705,0.006853771806035626,0.009626339283302213,0.012744744458176513,9.46007839730572,106.29133217467188,43.41596575622469,12,1.2588875337528354,3.841817882340291,109.80811702379913,1
1762619016000,1,708,1.0,0.0005688953598160756,0.011636464034604867,-0.0005844693262943829,0.011665013568464113,0.001755001017819815,0.011378053167871488,-0.0006288980517881233,0.011529771689977295,9.366426339127573,106.29130742843867,13.451956961874911,10,0.8390549683899926,2.278868310591273,30.025584685223894,1
1762619018000,1,709,1.0,-0.009817228198213875,-0.005876309950815737,0.0028057025831633078,0.01178053288773606,-0.009664121358242319,-0.006323696331941187,0.0018681836205801728,0.011699337031030684,9.366829040843868,106.29130753429602,36.03773759066074,11,1.032812805608536,3.7325433180752823,254.58133806932284,1
1762619020000,1,710,1.0,-0.004220632280306626,0.009025627234606834,-0.008139589826009742,0.012865792099957321,-0.0033122356747570377,0.008467510902645692,-0.008877367213288032,0.012707371667308632,9.25975073685966,106.29127955426273,48.85205880681582,16,1.0953921529316284,0.30182662880010813,226.56801259022143,1
1762619022000,1,711,1.0,0.009215114453410826,0.0012609842559842585,-0.007894350850634259,0.012199557001637853,0.009583604712883638,0.0012699153987391959,-0.007454573099446392,0.012207736256478929,9.185192269018163,106.29501677946293,11.148547739528219,15,1.308693431808438,2.208343400840815,9.535795766562,1
1762619024000,1,712,1.0,0.01465082402917564,0.0011410643211845204,-0.0009117915854873299,0.014723451919109056,0.014527113665602658,0.000934105935487115,6.616772023881471e-05,0.014557264973862822,9.405803395885902,106.45027752007049,44.17901033767669,12,1.4853428138779785,4.495680600725141,151.37267597776304,1
1762619026000,1,713,1.0,-0.0022053219206736095,0.00043503370077341833,0.00974963009419059,0.010005397846570568,-0.002188031426472568,0.00011657657395964735,0.01056319806541436,0.010788059370897133,9.232941973395892,106.3431600711148,22.863498299891592,17,1.133380535980288,0.04174264050030796,65.56681988875529,1
1762619028000,1,714,1.0,-0.009883540453617232,-0.0007435396355545514,0.00545182153793478,0.0113119220811239,-0.009658817805632236,-0.000877273851003582,0.005175884185344053,0.010993277396306693,9.45830987906287,106.49390301406794,12.360315745188515,15,0.6634217269315874,2.8770259356099763,102.70723468969815,1
1762619030000,1,715,1.0,0.013809393590329885,0.003365721618755966,-0.002929567189396339,0.014512401498883392,0.012751578718510476,0.0033671515502627296,-0.00332477200413055,0.01360127120001128,9.298593267568988,106.37611728559281,15.16389151027832,19,1.105641110500931,1.7830770771768205,345.9395333193567,1
1762619032000,1,716,1.0,0.011804314456670587,0.0007078311197684715,-0.0018500457797866546,0.01196935813121912,0.011744185996205445,0.0007483842884085127,-0.0026027361032644387,0.012052394740458883,9.252754819056461,106.2912777378889,1.6631082158352128,14,1.433536113068324,3.1736440325891024,321.0314465060519,1
1762619034000,1,717,1.0,-0.0018946995413388237,0.009202025160316783,-0.003728192419002747,0.010107748122908594,-0.001038459868467358,0.009318002571532093,-0.003481325968092999,0.010001159998600892,9.360659273228075,106.35981731161846,43.2715191353028,18,0.5888933278228188,0.9911693335841926,107.33920006445165,1
1762619036000,1,718,1.0,-0.0011848766297484726,0.0027577033015145597,0.009088390721928139,0.009571191464041343,-0.0007812850317768624,0.0025216595547303557,0.008915008840431537,0.00929766399886627,9.089733159577824,106.41634714154965,43.20834342473342,13,0.5031008885256981,0.7964526183975168,218.93996933369857,1
1762619038000,1,719,1.0,-0.001073626526250699,-0.009549713002834194,-0.008598237620791432,0.012894936313838961,-0.001665035070242845,-0.010234666868246334,-0.007936274839016322,0.013057764204086447,9.319654975372746,106.29129516609584,29.723043259704628,13,0.5867479417917612,2.824157460387362,63.66959699680679,1
1762619040000,1,720,1.0,-0.002446922729041281,0.0049263383744256204,0.012347256861012334,0.013517063017277587,-0.002597206237401835,0.00494332353649771,0.012019679615128828,0.013253475992223124,9.508106810118452,106.3027869678515,13.806120654996612,16,1.3724868173189093,0.8304157927371708,76.46303645313064,1
1762619042000,1,721,1.0,-0.00312924430236838,0.0008519506679776317,-0.011268051885963902,0.011725484346045034,-0.003143993842171217,0.0009289853653837321,-0.011253605203589303,0.011721405255640636,9.296094240608848,106.4943462836908,19.898042249651965,19,1.1086272140987585,0.9166901520547566,132.64659926743116,1
1762619044000,1,722,1.0,0.009033359253956269,-0.002365534594092789,-0.009452966707891234,0.013287434398987155,0.00831433025446815,-0.002680181535466431,-0.009569954407809165,0.012957449132100257,9.178616490846897,106.34889689559476,14.93239726539114,10,1.2949692418492549,1.913911882428621,166.51707388921204,1
1762619046000,1,723,1.0,-0.008727917625412158,-0.00605266648803518,-0.003433321682779159,0.011162392909623179,-0.009830530986697235,-0.005842732550410456,-0.0038259757580566675,0.012058812281368247,9.282582574676885,106.41863323390996,35.42288761578177,13,0.8873790413784767,4.99628477157822,28.054042548550857,1
1762619048000,1,724,1.0,0.010355706547251894,-0.002026902151943555,0.005642127724983117,0.01196589301687811,0.01038765331990947,-0.0016316494715498833,0.007188337442499045,0.012737260956731198,9.35415750260472,106.29130420563509,34.96715567785881,10,0.7540980805797758,1.835041833007165,208.16011917928472,1
1762619050000,1,725,1.0,-0.00922367555652657,-0.0014837401869167608,7.96918708612637e-05,0.009342592065835846,-0.009301018186907423,-0.0015752000099924551,0.0002063068380024955,0.009435717084359273,9.390007428165484,106.42048784678461,31.809487734903026,11,0.8223956741473337,1.7912551793768454,254.5921897703046,1
1762619052000,1,726,1.0,-0.005417418100536694,-0.008260958928755776,-0.005394024675170181,0.01125554812059178,-0.005288177593722696,-0.007652589577418857,-0.005278119744262989,0.010695115592547343,9.387067664694085,106.29131286050672,0.3342899818298939,12,0.543789917852448,2.6990379620635876,258.9905461748861,1
1762619054000,1,727,1.0,-0.008731010503191841,0.0053838742547208124,0.010812687375421612,0.014904054974271054,-0.00846451056849872,0.004948868896937204,0.011267650496616266,0.01493650528862745,9.328082343460673,106.36812191685334,27.477302780992424,19,1.179593036518197,3.981095206674535,195.8025576474627,1
1762619056000,1,728,1.0,-0.0001227409143915482,0.009760086080877613,0.011240518297831485,0.014887027817603184,9.605571300266897e-05,0.009275205843522052,0.011600589537611656,0.014853024869024192,9.192991552189582,106.2912622797464,9.277968961191496,11,1.4659442750345375,2.178296679400284,189.4265272059419,1
1762619058000,1,729,1.0,-0.006923027810674472,-0.00752881854968012,0.0015352084764809306,0.010342547456388032,-0.006504269057203956,-0.006973187303465428,0.0016471104558816096,0.00967697421674703,9.355443779843661,106.29130454330995,16.737124925043755,19,1.3678459162746512,4.637877394200179,254.52189987797672,1
1762619060000,1,730,1.0,0.008587403531225358,0.00865509860301443,-0.003255549225437895,0.012619541671362448,0.008819108938999027,0.00876986793807542,-0.003579481056119427,0.01294217720325037,9.230436682039757,106.59381018035482,1.2362069387783003,17,0.9962815431209547,0.06517914416534265,193.78510968144124,1
1762619062000,1,731,1.0,-0.009340343718496865,0.0008759924445721279,0.003606627516573412,0.010050728609703666,-0.009759401042502606,0.0013398089164419977,0.003988918311671703,0.010627909763362139,9.175735027601416,106.52836885583304,23.793830620984984,16,1.0157219154447683,2.5871019483109565,70.80831209534429,1
1762619064000,1,732,1.0,-0.0032650065164234725,-0.009100805462173036,-0.008291975632337432,0.01273741682994963,-0.0030239225327466914,-0.009098168699779802,-0.008648221097133398,0.012911719843561091,9.514419993126738,106.41512574068166,7.698720270847215,13,0.9070462897405287,4.608195125233566,7.34922591780121,1
1762619066000,1,733,1.0,0.006530552633150825,0.006978202200594566,-0.010519053711317932,0.014212456319311156,0.005473396043224367,0.00786937175073116,-0.010898744663348415,0.014514396688600436,9.21330988245639,106.45771140517371,35.450285567578604,15,1.3881982443186187,1.9108339693978738,40.4782042352033,1
1762619068000,1,734,1.0,-0.005175301303038585,0.008791778156715809,-0.00026783384478484015,0.010205431970404306,-0.0057027891283178995,0.009112245068827346,-0.000965246851022462,0.01079289189790382,9.42996980807512,106.29158254269409,3.6118370866642824,18,1.416279441297836,4.330616467775842,72.83430444899767,1
1762619070000,1,735,1.0,-0.013003638040576075,1.3420703939776035e-05,0.005601193074703347,0.014158677419367818,-0.013116744899135538,-0.00046313194654667034,0.005949878537000848,0.014410570514520708,9.34141857260301,106.29130086401697,6.429826585139692,19,1.1143347448673464,4.080626930116252,149.86131516957707,1
1762619072000,1,736,1.0,-0.0019251827313821164,-0.0003355841490144056,-0.009723364866776578,0.009917800643426278,-0.0014203903741421345,-0.0001713084539146199,-0.010092547982351445,0.010193447904286581,9.403475674933228,106.35675921244214,17.83720825337305,13,0.7447247304844185,2.223211379326761,222.18051386169446,1
1762619074000,1,737,1.0,-0.00472392011576189,0.0032028624297688346,-0.008196266509579496,0.009987619020576375,-0.004242147266295577,0.0036335652913374096,-0.008508413021915302,0.01017800089933425,9.468786960074109,106.45046029322303,23.476083506593383,15,0.8040399291243338,2.475483570923677,11.459610433701117,1
1762619076000,1,738,1.0,-0.0013448792831784444,0.0020392512018655687,0.010407105607851292,0.010689952894358446,-0.0013918665048544396,0.0022119188317774575,0.009276700177466167,0.0096377924582504,9.424080615734153,106.29132263231165,46.34932845456698,10,1.1671365429557525,0.27259766353184056,25.3453473497925,1
1762619078000,1,739,1.0,-0.0009026069506535573,0.012307293357664707,-0.004845440876955985,0.0132575437540693,-0.0017375688934954912,0.013181044239658723,-0.0044854941707013485,0.0140313481484453,9.264626412047264,106.41294786628583,18.628861121396618,19,1.4032605735746915,3.366870564191897,35.47446402582035,1
1762619080000,1,740,1.0,0.012895023708821438,0.004682100645582322,0.0010451576509728571,0.013758490375830355,0.012913513258431727,0.005548152279800112,0.0006065257427935119,0.01406800241229061,9.169722204431581,106.32075091897902,5.100645821323052,11,0.9192700140506089,0.002783842144350457,266.87453213136786,1
1762619082000,1,741,1.0,0.009543580558994376,0.008152827377754395,-0.007648293253501964,0.014698466376770084,0.009558779405598244,0.008567525151740708,-0.007162627087457025,0.01469952304479883,9.108735922789544,106.36560727314435,0.7068943135748185,17,0.5434823870761212,0.287065278138946,164.37889540831424,1
1762619084000,1,742,1.0,-0.0021964738554244322,-0.012816740401307926,-0.000705314822621843,0.01302270328737824,-0.002553811322861409,-0.011549600752317592,-0.0008139777930035425,0.011856550495747622,9.451230547605496,106.32704381542372,14.080251705003377,12,0.6103370366646882,1.22500611854222,267.80649146181406,1
1762619086000,1,743,1.0,0.00034809264954071986,0.0055753660367089146,-0.007995998581062596,0.009754069317177658,0.00015625797099547725,0.006591361877990714,-0.0076153236282790505,0.010072915264388662,9.078701115759143,106.3617121188578,12.720345424241042,14,0.9607501007571259,2.3103093472266556,322.14271843667314,1
1762619088000,1,744,1.0,-0.0011436382831629117,-0.0010890980297116979,0.013806373138268383,0.013896401774349232,-0.0010829960345855628,-0.001430252902636745,0.01359713125883989,0.013714972921830715,9.156931954302204,106.3270502787835,47.48821752890351,11,0.5107608120028119,2.6662082843024097,69.1519640998666,1
1762619090000,1,745,1.0,-0.01046682154872949,0.003354047869261444,-0.0014641051767003911,0.011088173628271074,-0.009536692004062585,0.0037694308762211436,-0.0017599324326673198,0.010404540627942918,9.263804624659977,106.45816555599517,39.38093969248342,10,0.6467696043493214,1.0068292623802582,287.80064186634934,1
1762619092000,1,746,1.0,0.009585085283743747,0.008897265314933702,-0.0022622932015821293,0.013272270360073592,0.009187291985795383,0.00906610979417949,-0.001497056620505665,0.012993916244049645,9.389750477261167,106.57023089984888,13.530506887387745,15,1.3676759113468984,1.1899715091770187,233.5138648143597,1
1762619094000,1,747,1.0,-0.009122270066419644,-0.005209405298909387,3.705603593702921e-05,0.010505002992993406,-0.009611366880404733,-0.005018704299442707,4.464844154130631e-05,0.010842866762914585,9.172320370264536,106.4995815403989,21.011613584787476,19,0.8030404835337603,4.924555243818711,241.23016526227127,1
1762619096000,1,748,1.0,0.007593655951828732,0.008374156291258785,0.0037599902704131467,0.011913338370867109,0.0070616704584635,0.008333825575690623,0.003661849621896586,0.011520806440668788,9.312159110629539,106.44713640375139,45.50853017546052,13,0.9606080795029798,3.067446327889185,225.73104730257364,1
1762619098000,1,749,1.0,-0.0016828287766687117,0.007978563267865143,0.0044696991757605916,0.009298795364599982,-0.0017001009616567577,0.008577700474367895,0.0051941737198719735,0.010170876527615802,9.109870842883623,106.31771193441342,42.180095203062145,14,1.1806712402154478,2.870250807418891,329.72778297469586,1
1762619100000,1,750,1.0,-0.00784682561871744,0.007432832299082487,-0.005687832504329493,0.012213562415370518,-0.007787432976540656,0.0075009751750795784,-0.005674268026145795,0.012210899171388382,9.150031308917784,106.45449754244731,39.668710916891186,12,1.1540113266923857,1.202177033436223,14.055228241985581,1
1762619102000,1,751,1.0,-0.00643655590281269,0.002970992049640549,0.00932788388617376,0.011716034458937047,-0.007021165721000187,0.0032626312817368637,0.009070268800606851,0.011925238239866659,9.248000081280566,106.46138288913934,46.9434301938756,14,0.5798209625236214,1.0119720691234373,205.91127674857321,1
1762619104000,1,752,1.0,-0.005698029008321298,0.00791611548447884,0.00129557641902065,0.009839254910855752,-0.005458192612631206,0.007595526240220257,0.00131085755525591,0.009444693377374823,9.482074138948404,106.3288032162785,31.12648122025093,19,1.1153145311056756,0.7752439605679717,48.62570365490019,1
1762619106000,1,753,1.0,-0.007756941118678797,0.0032728877044794036,-0.004836812600570029,0.009709618199384326,-0.008035042815594326,0.0032290474714799676,-0.004389314010759865,0.009708487941309811,9.202324055372276,106.2912646867698,13.999334363599964,11,1.1883243586569665,0.2728122448731485,230.5771398828371,1
1762619108000,1,754,1.0,-0.0010769460102963953,-0.007227146319386614,0.012237986957595783,0.014253412973923168,-0.0007513344554164372,-0.006699232340316511,0.012333568372891644,0.014055643927697927,9.412785494143465,106.38303796057549,26.933162843322698,18,0.5636826030720425,4.172828273666411,72.28431570461686,1
1762619110000,1,755,1.0,-0.00753282944858611,-0.008577645816988172,0.0035620982942031073,0.011958598225575833,-0.00734651474321349,-0.009427678086497263,0.002753688244128235,0.012265202481847736,9.115758993901842,106.39310062210134,20.222850455991964,16,1.1859861791263921,3.470319413264689,41.6229124227606,1
1762619112000,1,756,1.0,-0.007499955761161217,-0.010611573262016024,-0.005068029743095862,0.013947750678565095,-0.007523271777731789,-0.010374849818838875,-0.004800040106869066,0.013684937414275166,9.334552453446676,106.321940525913,18.84683003632347,11,0.764453167919637,4.53092336168605,241.44581726175016,1
1762619114000,1,757,1.0,-0.0013564311895241312,0.003173856099789214,0.013988514194114022,0.014408046275363379,-0.00047542224810294344,0.0029092921056130612,0.013853632787569656,0.014163797099739842,9.31882352340192,106.31186119213443,15.45229657419515,16,1.1342500587811042,3.547114613618474,85.70888563823853,1
1762619116000,1,758,1.0,0.0066739936488230435,-0.010823772716486362,-0.008407847963304422,0.015244282679638527,0.006584047540443285,-0.009597143315970823,-0.008629468542534463,0.014488704882379673,9.24200062388364,106.37979596772445,24.243410568358716,16,1.487126057540636,2.875552843154217,29.635283157661977,1
1762619118000,1,759,1.0,-0.0017966361050525885,-0.002402765798250971,-0.01303326270637444,0.013374121337440974,-0.0017622470728154457,-0.0022122598893015073,-0.012885845746627178,0.013192597514111035,9.373749294647245,106.29130935415166,7.7258985999609395,15,0.7989463434025829,3.033634854216136,346.1823788355696,1
1762619120000,1,760,1.0,0.00717164546905944,-0.005287583998480986,-0.008742841652526477,0.012483121542147415,0.0067720882314992415,-0.004883610748120676,-0.009277655437974012,0.012481415119293928,9.261661073959868,106.29128005049914,15.456959008784255,17,0.5007533273748692,4.834913747099123,272.82066042662206,1
1762619122000,1,761,1.0,0.003344124538900966,0.001711204151755983,-0.010061788001807556,0.010740156720178015,0.003073887422152738,0.0017657651803533376,-0.010253069236591993,0.010848600800405837,9.463706029787515,106.37242177972401,25.824604389996047,18,0.5407828782823971,0.24135625724631737,136.55183861785892,1
1762619124000,1,762,1.0,-0.006690130450518809,-0.005618394093544229,-0.008807285514661475,0.012405340614916526,-0.007410148125848154,-0.006315394894484055,-0.007971095775647799,0.012583039210971108,9.471327495536125,106.29939903980387,34.859346201198186,16,0.9389929284203126,0.8316586036542356,105.04082950476229,1
1762619126000,1,763,1.0,-0.0006733330846426156,0.008510603673630988,0.002876510267426845,0.009008777034154395,-0.0006367608027034254,0.00877624012272751,0.002581896558458463,0.009170280521893065,9.080498764611253,106.39967840709325,34.077742780127515,12,1.0414543409054442,4.27091783197115,338.6575284842593,1
1762619128000,1,764,1.0,-0.009638047550011151,-0.003888277671906611,-0.004642430898993877,0.01138256686701451,-0.009278222251249062,-0.0038153273344628757,-0.0042203958507279205,0.010883651590781205,9.267044462663405,106.43167560463799,25.180994265650085,16,1.294914509413001,1.585627018639092,32.26022443632028,1
1762619130000,1,765,1.0,0.005422309562463729,-0.012897256591056748,-0.0014584250012086664,0.01406654442465856,0.004544278640132253,-0.012770420133200105,-0.0016939707263330288,0.013660294124186276,9.278363686236098,106.31903417907392,27.909097614512028,12,1.064192262852026,1.5232457628916478,38.21432265584747,1
1762619132000,1,766,1.0,-0.009010745464010721,-0.007147396201162172,-0.008352075212405097,0.014213935648765576,-0.009185964148811175,-0.0065423495535318075,-0.00851844643017914,0.014133230508545234,9.308781395984225,106.29129232448787,21.167123644525905,15,1.0260697156729162,4.190490538557029,227.67798568755364,1
1762619134000,1,767,1.0,0.0032362087114314077,-0.011410751298706355,0.0075461261298238715,0.014057820300177546,0.002946922237999186,-0.01108535632968876,0.006467077896152963,0.013167861335383776,9.41921220093356,106.2913213447032,32.55151869286067,14,0.8779436281325274,0.551986939002227,154.34970147918753,1
1762619136000,1,768,1.0,0.0009497708302278254,0.011218005317082266,-0.008461536505578708,0.014083440913330761,0.00039609093663201867,0.011819903709897984,-0.00892335414840398,0.014815304958021643,9.221204162904797,106.42527857256073,3.781870297376033,18,1.0717174185219682,1.5475017736397207,181.85035388863113,1
1762619138000,1,769,1.0,-0.001565865698952094,0.005552643358083401,0.007679312919376656,0.009604979467074755,-0.0018942662189274794,0.005945939470403032,0.007318976188668566,0.009618204257768907,9.139734589740092,106.34117849586313,38.6007295544526,19,0.5728052793879568,4.920590010004957,11.198372260309357,1
1762619140000,1,770,1.0,-0.006957521594498948,-0.005326305555419802,0.002827198995243179,0.009207045767580342,-0.006794409931719465,-0.004601214399087465,0.003977493239788407,0.009118971035110288,9.433532123112444,106.4058541140944,3.5957376188349874,15,1.4856596112972584,1.0628201085591278,41.86963354782975,1
1762619142000,1,771,1.0,-0.007260342390510264,-0.002053639179304015,-0.011132761051817042,0.013448731320948724,-0.006512780765191052,-0.0011902917707460221,-0.012023376316310787,0.013725694366354345,9.301572359112795,106.60476698897799,2.372823985457728,12,0.5421463967265618,2.629999494652906,154.85419466162378,1
1762619144000,1,772,1.0,-0.001468456001022904,-0.001939156996224042,-0.014067609956292915,0.014276356074479803,-0.0007893139033347135,-0.002291680985088628,-0.013881717572538739,0.01409173165154464,9.270769781146617,106.43335615526958,49.004284165187514,15,0.9567108615488538,0.265627636763458,298.91182416288444,1
1762619146000,1,773,1.0,0.004558576060839355,-0.006584041702092209,0.0018570236240896096,0.008220629998836696,0.00489534141397935,-0.0074935187950435096,0.0017839305197319538,0.009126861431528518,9.249980937329358,106.36048017568272,23.257735018576188,18,0.8370332735880359,1.5130081000599094,80.5269173379881,1
1762619148000,1,774,1.0,0.0047119539037478765,-0.005570413374707474,-0.01131971867569934,0.013467295409737665,0.0048501132632356855,-0.005533130123606287,-0.01196169736974325,0.01404355124590275,9.267400347345408,106.40779182457199,11.806635817512134,10,0.8896827779766324,3.2549910796029016,267.16030754190194,1
1762619150000,1,775,1.0,-0.004456759679977354,-0.0016410818210899575,0.012861432599403056,0.013710299227134739,-0.0046803522068176355,-0.002106187891232356,0.012842894242379775,0.013830461190213004,9.202976837894147,106.29126485522971,42.96150636162717,19,0.9896005315380165,1.540990876746056,106.8024530305621,1
1762619152000,1,776,1.0,0.011279590627106857,-0.004837748095592977,0.005202859359974917,0.013330518252161427,0.011072965186179227,-0.0045403446669710175,0.005828792044473782,0.013311652955472892,9.47426977509205,106.45027004323798,16.829042863835852,17,1.0089801468613444,1.4236116840933417,147.6067880476069,1
1762619154000,1,777,1.0,0.0021809219099971637,0.0020901386001040186,-0.008431434139541406,0.008956237010853095,0.0020083238401778255,0.0016425755021929624,-0.00889124261204899,0.009262052370492558,9.161544573648671,106.47248251183085,41.308960236346834,12,0.6902043742956827,2.9453458475489827,134.87404724877447,1
1762619156000,1,778,1.0,0.008421068936689806,0.008532372780954471,0.0015940243896614985,0.012093663674192798,0.008864922261025513,0.009178292560851247,0.001357636968685908,0.012832422965494306,9.493448026530496,106.32749075740331,32.195711537365746,13,0.5768210995683382,0.46960372628104263,313.89927762154633,1
1762619158000,1,779,1.0,0.0041231992363454425,0.005022050563427598,-0.011999392258875936,0.013645775111242119,0.0044946746046461315,0.005731608172450935,-0.01265931228585433,0.014605191528868754,9.191828289063942,106.29126197989815,22.476972957078907,13,0.9410508026715497,2.881540541684218,36.1110925436513,1
1762619160000,1,780,1.0,0.002579717163046783,-0.008819589821067196,-0.008046673770491421,0.012214297524700504,0.0020036235214723305,-0.00935044283662685,-0.007925394935499128,0.012420031132829691,9.28663332622344,106.47620369632251,47.40777807273469,13,1.1491315273820337,0.4382075247995276,104.10057627926886,1
1762619162000,1,781,1.0,0.0004497240372225182,-0.009126367002764868,0.010507949409509025,0.013925150885057302,0.00015364953949528038,-0.008775871952539885,0.010533846045893082,0.013711362048569086,9.1610020245568,106.54620848017771,36.34511307944209,15,0.5826827298055561,2.4752151336148396,254.2745067161622,1
1762619164000,1,782,1.0,0.0024764576407389632,-0.005668637024619771,0.006679340181432289,0.009103838389523422,0.003466032699452353,-0.006492664100186899,0.006399048164316424,0.009752737420887026,9.143930481619497,106.35948228588082,43.43984870142841,19,0.8997029670726725,2.2303746717201194,117.74061539974372,1
1762619166000,1,783,1.0,-0.007188551362165293,-0.0073892646966354615,-0.002363003545484852,0.010576402469621021,-0.007963116669297114,-0.007506975763130114,-0.0022625970531513365,0.011175207274229397,9.213535255281661,106.29126758171309,12.70920935705077,11,0.9135565649227204,4.2635026082738605,28.52542018303039,1
1762619168000,1,784,1.0,-0.0082026712782566,0.006192346321255793,-0.003283345906743987,0.010789315520682415,-0.00918177024064788,0.005631088418983375,-0.003570002857121551,0.011347201502322577,9.161820916554024,106.55343617319859,14.523401069512065,14,0.5962520080119842,2.6199946329302692,356.91963546019093,1
1762619170000,1,785,1.0,0.006486574310269801,-0.006133558330471123,0.00786021670328684,0.011894502541030175,0.006342346339460325,-0.004877436745802262,0.0077721858488812865,0.011154443920183492,9.446321586680844,106.41860479268715,11.088326971012503,14,1.1053946097239211,1.0194381057931716,347.6931130402945,1
1762619172000,1,786,1.0,0.010737213889943024,-0.008409514642941164,-3.080355360413214e-05,0.013638498726294692,0.010912217669719905,-0.007284798677180311,0.0003643989420605212,0.013125455147436607,9.281397175481759,106.45935864582758,24.554457933033174,13,0.9660096301952902,0.9517518363386823,174.53408447220664,1
1762619174000,1,787,1.0,0.013062360993789145,0.007088040449341229,-0.0031556656467724383,0.015192887079741667,0.012908170637013043,0.006592158811527968,-0.0028556057983368265,0.014772674485892744,9.27018072971385,106.53707243427877,46.4597762614213,17,0.5327662932149587,0.9801044595491293,229.83628869213067,1
1762619176000,1,788,1.0,-0.008970600678074219,0.007198730635033307,-0.007031563341681802,0.013480959992126526,-0.008917867504031365,0.007684033771930861,-0.007608492972380123,0.014016486761610068,9.459702542210689,106.49753246465525,2.8133710361307296,15,1.2621090801884118,4.909783455617351,54.19108767946383,1
1762619178000,1,789,1.0,-0.0047673827998773585,0.003790785976723571,0.011897974156793058,0.013366367723417085,-0.005697300273008443,0.0034934242241195968,0.012294978319443038,0.013993917789027562,9.507081190603497,106.34480354369242,44.733596360011724,16,0.6255003791548323,4.248364131382603,136.88296232215194,1
1762619180000,1,790,1.0,-0.012429858360666051,-0.003635243501465406,0.0005343542270558946,0.012961555023265483,-0.012137215333736856,-0.0033032785109145114,-0.0010543051217585231,0.012622804928696826,9.210091631406877,106.55067514333226,33.019963267860014,13,1.1997108444696853,1.9250204992963271,236.67340074682315,1
1762619182000,1,791,1.0,0.006484890492256523,-0.006040731192254056,-0.004865821229036698,0.01011041316003329,0.006568883228904495,-0.005685377486963213,-0.0037545190827405644,0.009464151181533077,9.289641182945864,106.37789498998467,38.397957684397184,12,1.1436738941455262,0.46752194303799954,324.2689503249914,1
1762619184000,1,792,1.0,-0.007777598209028414,-0.0028160353148288983,-0.004708789123073249,0.009518076686023202,-0.007479180485169757,-0.0019344941018024852,-0.004810587481773772,0.009100668111707582,9.267064657761498,106.29128145473321,39.5184201886748,13,0.5516257664150083,2.5519992894595234,88.94542729022928,1
1762619186000,1,793,1.0,0.0038319788325303513,1.103074648070633e-05,0.008080573010982134,0.008943145064022023,0.0037213114385082485,0.0008615965103628804,0.008425347664494048,0.009250783244495416,9.21096212049717,106.29126691695593,37.46130279183409,12,0.7972775271744835,4.657415765987274,276.47421660078413,1
1762619188000,1,794,1.0,-0.005777459635682044,-0.008551706990549262,0.0007958173518798414,0.01035104137522875,-0.0064882983694079565,-0.008427210044063698,0.0014718673538932935,0.01073695852486573,9.257872706341908,106.29127906652259,12.39922921762232,12,1.2315987544210638,0.531871212770969,100.54668283140113,1
1762619190000,1,795,1.0,-0.0050686867488522564,-0.01323094816299731,-0.000685041514969742,0.014185163253454095,-0.004730633999139251,-0.013831160469485636,-0.001192092364751439,0.01466632135787884,9.147649914759263,106.47535853141238,14.12635793430354,18,0.7682736389624204,4.091307260222107,33.835351915704734,1
1762619192000,1,796,1.0,-0.0005567509765113972,0.00660295230645231,0.008535012407848232,0.010805340698619992,-0.001161272523220056,0.006258643503839447,0.008381110184887275,0.010524361278127942,9.466486334321894,106.35815099420499,47.0304388950712,16,1.0486156068348036,3.3106182302748604,80.23961982917395,1
1762619194000,1,797,1.0,0.0012188743620531566,0.00888894639281241,0.008779627162416637,0.012553122153305417,0.0019018085926040345,0.009262817821687502,0.008364881740254756,0.012624892730202564,9.438597518079526,106.29132647590218,46.803118090943144,16,1.2622386714128067,2.429055326016492,78.56432287417366,1
1762619196000,1,798,1.0,-0.0023257375606616252,-0.008480818322301072,-0.0013291827855322555,0.008893821534880556,-0.002499051052226719,-0.00881844330935985,-0.0008261961469822548,0.009202869043690522,9.486259380482599,106.44079835435097,0.7176041390023424,11,0.7222779620504276,4.5232404967171425,319.9186658454489,1
1762619198000,1,799,1.0,0.0019103242340177068,0.004532427340067068,0.008021153796358097,0.009409099026840598,0.002130808170054408,0.004473670246526226,0.007518725277851452,0.009004737571746722,9.416544482878917,106.51331000549058,8.970299592642233,15,0.8673899563701928,3.211847207934607,291.51131188060464,1
1762619200000,1,800,1.0,-0.012104832768635108,0.0024199930185476322,0.0006456483378504881,0.01236123797775169,-0.011586288162922837,0.002720583095301413,0.0004118977348562764,0.0119085391848331,9.424146968543486,106.52893046396554,28.52463784996911,13,0.9670176665001847,1.2878475456675798,256.1071365948207,1
1762619202000,1,801,1.0,-0.009014328959888521,0.0016321495451500157,0.001659295909207996,0.009309957123914839,-0.00930591564286897,0.0022267725507475688,0.001656414196574824,0.009710936614743752,9.13550096034945,106.37769000471577,33.465632262464226,12,1.3832871749006435,1.6085776028458105,335.1016826709073,1
1762619204000,1,802,1.0,0.0023115144160186386,-0.009784422414363392,0.003102370328342324,0.01052153612987845,0.0024677896170921952,-0.010185946968617033,0.003454604532902711,0.011035297627180635,9.501163589854212,106.44745466738586,34.261532841766304,17,0.5426462053620804,2.957695353320026,250.9674387017867,1
1762619206000,1,803,1.0,0.003090053874865292,-0.009221931832797868,-0.005300001492615728,0.011076212145858782,0.0028946472922066224,-0.009892589940658584,-0.005354683267690012,0.011615289560642814,9.291842662697071,106.41801012166825,9.835122317748791,16,1.3648692574194765,1.617139748591962,46.87182683653946,1
1762619208000,1,804,1.0,-0.0037031504476239168,0.004171577977506547,-0.007129185822333641,0.009052108955901814,-0.0034314358064040772,0.0033631428976706006,-0.00806270439584906,0.009385770294358794,9.333742939887635,106.2912988528769,0.4689448973889676,18,0.6172397667495221,3.626032678494553,357.5041590400599,1
1762619210000,1,805,1.0,0.004312008324461258,0.008019080333080344,0.00156192902493824,0.009237894102963277,0.003681368437230424,0.007993414215835683,0.00240052648315849,0.009121933555606816,9.203845250954503,106.42550492903663,7.562366693358824,18,1.0602247086083838,4.30898992964489,93.43762829346315,1
1762619212000,1,806,1.0,-0.004863237193710168,-0.0048855218393449446,0.013201921248338374,0.014893291251175162,-0.004624088888122031,-0.005104379039380807,0.012932093105444468,0.014651822941559459,9.260425029823757,106.37179535323816,43.63363183049871,12,0.9887582206576067,1.836487980749707,212.38036046034847,1
1762619214000,1,807,1.0,0.0021934808201312704,-0.0011764043045614406,0.008026881586704615,0.008403934388311943,0.001630275458926534,-0.0012128566250959795,0.008786517143703359,0.009018409104803927,9.415170493331123,106.29132027627247,10.57490404403017,15,1.355386751332503,4.173187825652579,294.4583685121481,1
1762619216000,1,808,1.0,0.011262987035694632,-0.004810280817645699,0.00402234542207627,0.012890808399993129,0.010487286146261229,-0.004812791490827902,0.004827898904344338,0.012508186938094482,9.325107702517885,106.49671928449565,33.70683648147414,18,1.4322903224645962,0.7832589561454251,190.40189848191275,1
1762619218000,1,809,1.0,0.0014917606649132553,0.008963488356299435,-0.002832726612967386,0.009518078243989784,0.0011954641252633212,0.009188489143225035,-0.003468208720568686,0.009893732305827999,9.36328486806027,106.29130660281007,38.633522460537904,16,0.6500202439961437,1.429556904299631,332.0915987817614,1
1762619220000,1,810,1.0,0.007214622845828205,-0.011602771960086808,-0.00015097465574781036,0.01366374375169562,0.006842851944734621,-0.012169003896163544,-0.00018733790851713217,0.013962248173355517,9.524526167104888,106.37053654716549,2.7557337394641723,10,0.8593503391949535,3.3289231605873337,7.6740270034008695,1
1762619222000,1,811,1.0,-0.014029402193163613,-0.002738558519981949,0.0014222044166836108,0.014364765715727637,-0.01333710975156253,-0.002344681275357184,0.0015581130602640887,0.013630984671578222,9.207205615380426,106.29126594682859,40.04498796150375,17,0.7294366013265049,1.3242397459651667,246.94128305610792,1
1762619224000,1,812,1.0,0.005520745142361387,-0.004604382937279635,0.011054569262450551,0.013186450270574534,0.0046216603804409805,-0.004286912691841002,0.010400639264999232,0.012161852746199861,9.48634974825491,106.49037545124587,9.675241503221965,11,0.7706597118977744,1.8546312490206407,341.7921449716906,1
1762619226000,1,813,1.0,9.062947729165362e-05,0.008066824495953586,-0.008944153463724682,0.012044905658963427,1.3084748578021256e-06,0.0085118588112354,-0.009066989658218888,0.012436319535809637,9.261500707609649,106.29128000883766,35.41425321918903,10,1.2055248177051479,2.1138608038529796,316.9940232933027,1
1762619228000,1,814,1.0,-0.008094445114050705,-0.005735871495265363,-0.009695602382081501,0.013871732734810079,-0.008237049940267815,-0.005511817837406228,-0.010062758692422511,0.014124030589500304,9.420253267100918,106.48509646867963,28.155830059869558,14,1.448297750269292,4.052530577646264,107.96118650422359,1
1762619230000,1,815,1.0,-0.01041296745625643,0.004624659262365022,-0.010738863708381225,0.015656965168423333,-0.00978613879448204,0.004413035421354065,-0.00992281279218836,0.014618673258671904,9.190622736323002,106.44721848783068,26.397829918336903,15,1.157017880736582,1.156172859967743,57.990693439597074,1
1762619232000,1,816,1.0,0.009457745107540256,-0.0010401140245185057,0.008225129939346333,0.012577103888508401,0.00911352222407515,-0.0003541619686407326,0.00815892894652836,0.0122372316960676,9.334959656062157,106.53046946805972,39.20061304424195,10,1.3743292689641429,4.556837994269678,78.70915236215558,1
1762619234000,1,817,1.0,0.002717289750164209,-0.004581183100834944,0.007226123966917217,0.008977069108287992,0.0038005034257462328,-0.005218988149679491,0.007300522792342191,0.00974573222683199,9.306543350723407,106.57282382998976,23.845677557840716,15,0.8322401432352665,3.688025836797334,7.239928484729563,1
1762619236000,1,818,1.0,-0.004497544820297665,0.006043291793583308,0.0071356868946329255,0.010376286068300825,-0.004691410031411211,0.0055736846483246776,0.007106239831495834,0.010177127943802902,9.39063168511949,106.29131379969633,24.892732449615373,15,1.0212709205730133,3.0905558685518777,84.76400069099249,1
1762619238000,1,819,1.0,-0.009197203607320053,0.001370556639130663,-0.007168916290487794,0.011741394315650395,-0.00950377757632001,0.0010879137033714332,-0.007034360969826244,0.011873819044433902,9.131526256978315,106.3044620549031,3.727272027586742,19,0.7827620583034015,0.2903231849185217,55.5194197106275,1
1762619240000,1,820,1.0,0.0017874077478629022,-0.006585135530476446,-0.005384437996503019,0.008692008338125837,0.0015021496871176195,-0.006285874132926156,-0.006266187090664018,0.009001875801892743,9.381946682766072,106.29131151167944,26.364763843850593,13,0.8099076190424415,2.0814527415726043,91.74779228140514,1
1762619242000,1,821,1.0,0.002222086890945035,0.013696821187252725,-0.0060437963706307255,0.015134994395642637,0.0019853703028180625,0.012915255569053785,-0.006120565515230622,0.0144293743412359,9.370632525618369,106.39985556758238,5.274011713038723,14,0.9099348606664829,3.109077361253672,121.01916807549058,1
1762619244000,1,822,1.0,0.013861320301389502,-0.0025767118478562017,0.0032162669615901974,0.0144609825949972,0.013659745283699941,-0.0027328175943497073,0.003132017021193444,0.014278181391220507,9.316581788389895,106.55903685612381,46.062233739553434,11,1.1112023955987191,4.422779393493777,287.0286455272901,1
1762619246000,1,823,1.0,0.0008360306139715101,-0.006755136450390143,-0.009992914044324171,0.012090870388360733,0.0005731518121461014,-0.006547968656136266,-0.00962624012126163,0.01165628137073297,9.246069155193643,106.34395910126162,48.678792076520764,18,0.8642629154681215,0.6790930748510959,342.67071965861953,1
1762619248000,1,824,1.0,0.0013015356264656553,-0.012353843476217173,-0.008353935725254757,0.014969959442948424,0.0010034220093472154,-0.012323091765206573,-0.007927239625632802,0.014686952524766577,9.414521941690124,106.3111775793872,8.254225627606433,10,1.057765430969885,3.448056203390456,33.4766275741634,1
1762619250000,1,825,1.0,-0.008369641759969048,0.0064555911204843735,0.0005853268136672158,0.010586225360528289,-0.00803728150526939,0.00632052956773599,0.00021775118233560066,0.01022714053824327,9.128917578831993,106.39652588024535,43.05463517223946,15,1.3150102850732888,2.514987496326324,302.60627203575325,1
1762619252000,1,826,1.0,-0.008164212532746466,0.003212646144858828,-0.004739821611588998,0.009972029404369849,-0.008007027646954342,0.0031857994688927584,-0.004436521188382863,0.009692498658759704,9.411111170983334,106.53892950888863,44.30689232703793,16,1.0291015402869172,2.867650135112884,164.76723974989594,1
1762619254000,1,827,1.0,-0.0029551647027196972,-0.009329730868401335,0.004328115071947937,0.010700909147031574,-0.00292841922494508,-0.010358687688228306,0.003841245165498129,0.011429488798749634,9.257514940957753,106.29578003457267,17.334215913487512,19,0.7926331314063783,2.9995580303435707,78.99192683006004,1
1762619256000,1,828,1.0,-0.006710361341705935,-0.0059373120667456656,-0.0042974918655639596,0.009937256173047648,-0.006592278141310045,-0.006412849947108453,-0.005503951355818407,0.010718034151080991,9.31974774302978,106.54689796654026,10.618887504884633,15,1.3646967045848015,2.7686333076641034,292.7912036006062,1
1762619258000,1,829,1.0,0.0100057879170263,-0.010804556473047205,-0.003021347690514997,0.015032723448755256,0.009515947261135263,-0.010710214665907849,-0.0037075967902906732,0.014798926461940035,9.293229502151343,106.3882309483544,18.998623998165282,16,1.239411869510054,4.749340118868536,228.90541616188176,1
1762619260000,1,830,1.0,-0.00195701244454519,0.009359860794675415,-0.004270271343408413,0.010472445232616007,-0.0014385400081162417,0.009400207078412246,-0.0049543225361393245,0.010722807573769137,9.440632177648098,106.29132701510633,31.622047177993018,19,1.4786986019996085,0.07431115372503405,56.88949958675959,1
1762619262000,1,831,1.0,0.008316736148746881,-0.00698527428433308,0.004183414261829146,0.011638862138599014,0.008363038323279724,-0.007081482272648748,0.00426037787719606,0.01175749211485959,9.15329358850185,106.29125206938338,25.11157579826422,19,1.2587172049483986,4.7279122445866575,274.0429104095558,1
1762619264000,1,832,1.0,-0.008711912923079976,-0.0008068933951928761,-0.0002771290173095456,0.008753588077055528,-0.009366961284170215,-0.0003047358510163342,-0.00073199987333618,0.009400460172385315,9.108259508483615,106.3221399429245,2.4832239980926927,14,0.8941318914602567,0.4830300763195511,65.5380356156986,1
1762619266000,1,833,1.0,0.004738384093987646,-0.009727940263519709,0.0039505117466828304,0.011519186110721629,0.005267955099726929,-0.010392396519008546,0.0040069971309649385,0.012321090956104543,9.078801102034463,106.39782443953281,31.851369248574557,15,0.6664377733421687,1.9989472779590738,140.4001574920904,1
1762619268000,1,834,1.0,0.004240898389225782,0.0090805985880808,-0.004305204282734448,0.01090767041038864,0.004365456686941442,0.00892966243291982,-0.003691169754928211,0.010602868357720851,9.416930650732676,106.52210164126143,23.304292296194422,18,1.3135352988099576,2.1417802134491257,327.7345197293058,1
1762619270000,1,835,1.0,-0.007357171886281504,-0.00984833979254474,0.0027830166499858214,0.012604084913543284,-0.00798743970896158,-0.010528782626684403,0.001992140974902739,0.01336499466397776,9.115332985345136,106.42870915627597,3.4880183780724106,14,0.6106857216110243,1.0860547373236824,255.55172662821917,1
1762619272000,1,836,1.0,-0.0044268844617839954,-0.013118420084826336,-0.0011852728989652573,0.013895867133971205,-0.004444171872748379,-0.013121588010012963,-0.00038067287393825843,0.013858991571394948,9.158806222852172,106.29125348448366,29.07816319987044,18,1.0917802028566723,1.6112480111192666,112.01453372131724,1
1762619274000,1,837,1.0,-0.005908702854880204,-0.0022633078520691587,0.009470186896849758,0.011389458798457996,-0.0058562289229659205,-0.0030477560663661986,0.010000512955816842,0.01198309198903668,9.211281867128548,106.37782198422676,15.796620938119476,17,1.0351308093418727,3.2139136963875514,77.05874069317075,1
1762619276000,1,838,1.0,0.014404893402651994,0.0006646967741822033,0.0011717169165181343,0.014467746758767582,0.014114474664930519,0.000694736769779307,0.0011275318182734197,0.014176472842264672,9.334705108699325,106.29129910488604,13.312181573532195,18,1.0776324868818619,2.3219594208099736,348.6317042134827,1
1762619278000,1,839,1.0,0.005191715499738818,1.2994958948984677e-05,-0.00678928960338134,0.008546843394948121,0.00573598480420559,0.00027019755481676774,-0.007055701488034338,0.0090971122825299,9.37529858316147,106.29660300346295,38.85524670691421,19,0.9676277071787663,4.066460700322964,140.91989938868645,1
1762619280000,1,840,1.0,-0.0077667126916840835,-0.006798762532750442,0.009077958369594331,0.013746065843432643,-0.008105973267328611,-0.006808886992899754,0.009566270756204497,0.014268191226421761,9.231617441869492,106.29127225862557,29.23374584696085,18,1.2685900999912967,4.240860617131092,250.51619772944156,1
1762619282000,1,841,1.0,0.007154542151328887,-0.00468800847162676,-0.01001302260416359,0.013169112289622148,0.00721193973883973,-0.004066049244781228,-0.009593444165200573,0.012671977044189379,9.43765206036833,106.31749845085652,35.31583313594348,19,1.1218341953637259,2.6961443067953708,272.84151701744025,1
1762619284000,1,842,1.0,-0.009051655521131798,0.002223591497538201,0.003831193952218921,0.010077443818780573,-0.00961982850712708,0.0032359206619892796,0.0036330093719657668,0.010780122454499998,9.379603958975649,106.42732048635699,47.17004718164997,14,1.2939576383899123,1.3803020617792834,317.50029737101147,1
1762619286000,1,843,1.0,-0.0003401224124031244,-0.013531422542899766,0.0018152805975893767,0.013656878228127368,0.00020087459966591656,-0.013886488081517004,0.002382784839502493,0.014090868157578781,9.172932152031597,106.35267452016677,3.01006563704318,17,1.4170973586018483,2.7949143983741513,159.7030355206002,1
1762619288000,1,844,1.0,-0.008191553622224942,-0.008878544255016971,0.0022105922516378784,0.01228074985239431,-0.008892139118124281,-0.008289946584183338,0.002981761186156359,0.01251735803737984,9.241720851931047,106.29127487601515,33.1610778717946,11,0.5984911270590395,2.5867049887008893,222.7982472974255,1
1762619290000,1,845,1.0,-0.0005906043706447223,-0.008090555909551652,0.009778400929881179,0.01270523644776857,-0.0010747444777884855,-0.007621944931449741,0.010433844155525108,0.012965886938130175,9.40708629568518,106.29131814064257,48.5546225094776,16,1.1982644980435213,4.410163591930592,316.22497791295444,1
1762619292000,1,846,1.0,0.007679084201346586,0.00641872624071522,0.0017774450010948927,0.01016502294422074,0.007844642745805673,0.006521237033773896,0.0018052132084012058,0.010359717514863613,9.34221191886281,106.59701923962001,42.99632764605036,11,0.5805980049718731,0.5522592185209058,255.417855513188,1
1762619294000,1,847,1.0,-0.010311480170511277,-0.004073126651168072,0.006723120576261751,0.012966006875914305,-0.01013417151203487,-0.004164313051876199,0.007548272190408089,0.013304861836556355,9.224227942759473,106.45367452000356,33.19755670638844,15,0.6085578443722919,1.8796389126319046,212.8880521911685,1
1762619296000,1,848,1.0,0.0016159381708324581,-0.005871835375468613,0.010126029899314685,0.011816352583194738,0.0012368781816046459,-0.006436518219149351,0.009361553413431646,0.011427918302740217,9.470354022976819,106.36589972216582,42.92161424360702,11,0.5334877723452013,0.4851925434404142,64.29064036811126,1
1762619298000,1,849,1.0,-0.007115401371239295,0.0012606261134072872,-0.009208090795163848,0.011705001109082373,-0.007338723862562529,0.0008281364183450233,-0.0093256791403456,0.011895838317958556,9.2801264791176,106.29128485265218,1.3398132521294515,19,1.0570623563285881,0.8214306702282892,182.92449671244174,1
1762619300000,1,850,1.0,0.004094694513108973,-0.008479195365838256,-0.006643570202795909,0.011523901346645386,0.0042927066656072346,-0.008853418842533711,-0.00644262740436353,0.011760858964792313,9.339908903433114,106.45196482676624,38.808918115258656,19,1.1435879098623263,1.0558253324629818,75.41452013824656,1
1762619302000,1,851,1.0,0.0065619901547155175,-0.004176903460796067,-0.004474774102128904,0.008973842018693948,0.0070109511048235176,-0.004655482731353695,-0.004344556666605774,0.009471120709055885,9.101460318186607,106.35736823474629,8.415488426101996,18,0.5079847003058772,4.190311396075061,118.12853451524018,1
1762619304000,1,852,1.0,6.824330808694534e-05,-0.013454824844822985,-0.0026244500160325316,0.013708563259532987,0.0002506767006175647,-0.013150462308974778,-0.0022742066869116434,0.013348015350710096,9.497063907060406,106.48756796921478,26.041443323363616,17,1.297431277654986,1.5757500568473666,235.34971454139733,1
1762619306000,1,853,1.0,-0.009543995925440826,-0.0035864356566290044,-0.011545882888514233,0.015403174692876036,-0.008314600561065786,-0.003297041395973442,-0.011699974996485467,0.014727269922671447,9.189743177120967,106.29126144252885,1.307913157985685,19,1.4742731023379525,3.1749273426873375,74.14107467332211,1
1762619308000,1,854,1.0,-0.0001451244200250969,-0.012492430310958123,-7.428282017023756e-05,0.012493494071267866,8.172336901029051e-05,-0.012432542347344512,-0.0009494370337456499,0.012469010329958216,9.330145838932024,106.53940950996034,43.94979898228893,18,0.5843553386119187,1.6919134723913292,267.313915562163,1
1762619310000,1,855,1.0,0.0032520395898540566,0.012125571399465202,0.005481941559572391,0.01369879288550906,0.0028405859149548862,0.012636146834064724,0.0050178406348751915,0.013889559380674705,9.261882439699004,106.30933522833395,34.147854794622255,18,1.090896017351936,3.0383588054549975,33.34829060864931,1
1762619312000,1,856,1.0,-0.0001627802654791808,-0.0013861030558962014,-0.009661418558368958,0.009761700039254965,-0.0005379518750571808,-0.0011030276898835224,-0.010456748491937276,0.010528516102858931,9.415834184084664,106.2913204516871,27.31825522818017,17,1.0442214884937928,0.9223590108330448,12.129056459832771,1
1762619314000,1,857,1.0,0.0039188762699880605,-0.0041043071539947455,0.009395097875094183,0.010975918755002116,0.004450964039359808,-0.0048190552325656395,0.00891576914806337,0.011069115308630183,9.497049704830587,106.40634577161362,36.77074778675549,11,0.5519066390954018,1.9741366049181681,308.0539460120939,1
1762619316000,1,858,1.0,-0.007802911311003458,0.0058351614090415135,0.008258974303255989,0.0127728301538381,-0.008505740327898217,0.0058040394254565055,0.008211649001363546,0.013170636715796337,9.303551400736294,106.2912909589598,49.16660444781246,17,1.2828979976470505,0.11599224963130983,306.81285955247006,1
1762619318000,1,859,1.0,-0.0010387118200778796,0.0072580608106747845,0.007842424324427884,0.010736013611252584,-0.0011940122029164223,0.007768504324205859,0.00794956268579937,0.011179037144198607,9.278887887078488,106.2912845302288,38.83610282076765,19,0.867674661468029,3.5285580062976023,217.2924908988454,1
1762619320000,1,860,1.0,0.0003471098248170194,-0.007789317436260482,-0.005331614563422444,0.009445637363683531,-0.00017948426160949155,-0.007501563883029739,-0.005774012298727926,0.009468098717123891,9.36556607161852,106.57443214941422,48.268442674231764,13,1.3139581823865525,1.9807154373810543,277.2915933265648,1
1762619322000,1,861,1.0,-0.003812512439396699,-0.005054174549471535,-0.00825280357134856,0.010401379632738336,-0.00376778717075277,-0.005198271843801294,-0.008364555551639681,0.010544384282764578,9.39426265821954,106.39368119117547,34.63053966803504,16,0.6074529859141328,2.9072392151334743,67.79447433303146,1
1762619324000,1,862,1.0,-0.01158020029951858,-0.005026782327657995,-0.006948136603845258,0.014409933442327875,-0.01141261840295396,-0.0053227973104384724,-0.006762494801125864,0.01429375268971409,9.488790237426187,106.37299875888876,7.238181534896492,13,1.348533446885928,0.8606527927568502,353.41529232073526,1
1762619326000,1,863,1.0,-0.0004726124083102702,-0.007837698101884004,-0.00790901193915837,0.011144745123981732,-0.0008366368707149976,-0.00886806832624247,-0.008546568363643132,0.012344489778308796,9.219827498195759,106.2912692081004,13.605874541115925,18,0.635365486942119,4.015497169029282,247.62050404314948,1
1762619328000,1,864,1.0,-0.010565768494880272,0.0008749589310086928,0.005422040991269821,0.011907961434660705,-0.010254707738799367,0.00134261062232794,0.005844069157514898,0.011879174146766109,9.289155604341342,106.39507730412548,34.97447380475405,12,0.6705838407589946,3.9336539954215493,195.02194547925512,1
1762619330000,1,865,1.0,-0.009804375225254408,0.00027405214733189717,-0.0030930192432971518,0.010284339851271258,-0.009682518972018526,0.00020380706860299958,-0.0026970632924157517,0.010053201548164033,9.513147383535326,106.36504823382954,16.759204480201706,12,1.1119582311532121,2.6007821086673344,8.583775854608593,1
1762619332000,1,866,1.0,0.0034782271228309403,0.00041457329307464843,-0.007812549141590354,0.008561884081386044,0.0045486028106792396,0.00014482573497822036,-0.008013598048562647,0.009215666861750056,9.241867081003655,106.42200756922954,15.298485539845675,13,0.7440051153906316,4.929246659144058,201.35843551952942,1
1762619334000,1,867,1.0,0.00938815272946693,0.001150576262694917,-0.0042909626687684,0.010386221547455957,0.009454090852505655,0.0009035702856135159,-0.004314230433352579,0.010431148419063951,9.284620112549675,106.55976342544331,47.57038658775993,13,1.2816609300570627,3.618925474773467,86.08359535705765,1
1762619336000,1,868,1.0,-0.004603146722387255,-0.004705131759216847,0.008730657736369165,0.01093396584634497,-0.0053491327718227285,-0.004663410743870805,0.00886470976181583,0.011355337966695241,9.361532721604094,106.47194682670903,17.871754955788273,13,0.7145903633783339,1.6053800882366809,146.28902368067588,1
1762619338000,1,869,1.0,-0.00038153547109910397,-0.012087322485892072,-0.003714196126749669,0.012650857167070585,-0.0002557805107484907,-0.012200127086433993,-0.003222321710231054,0.012621088772330443,9.414002099263591,106.29131996749528,47.637421994185345,11,0.6136781060807422,0.14396635351286047,181.55855637101476,1
1762619340000,1,870,1.0,0.010923202174215416,0.002698800135781488,0.006367209543355119,0.012928310998760476,0.011367278378909901,0.003123415916012117,0.0055751598074116745,0.013040442922163683,9.244751264544272,106.57397768012378,13.463614854541062,15,1.089843416908578,1.3163196361513618,285.54409148363135,1
1762619342000,1,871,1.0,-0.0015522985482676708,0.005090260975989892,0.00813990820001632,0.009725147458590664,-0.0016641151251778979,0.004832071521810299,0.008346140141735668,0.009786534095747453,9.237437583156552,106.36597109542497,6.369303450060953,16,0.7601281989351816,1.1927608385801747,97.49541432825336,1
1762619344000,1,872,1.0,0.0014218093335494415,-0.00997677553324037,0.009082198918390783,0.01356627911458594,0.0009054305293062776,-0.009634020328653091,0.009122172539123452,0.013298427875874609,9.264228743973687,106.29128071765518,35.649939804329485,11,0.5224965258452156,2.4950883336807674,136.3198811025238,1
1762619346000,1,873,1.0,-0.0019054783397264782,0.006894606174001433,0.006180235844371937,0.009453134775819352,-0.002115460679345163,0.006713573152545689,0.005962318564487836,0.009224775391567757,9.333356411835457,106.46213708508621,16.903233953389545,13,1.1934388398319928,1.548375205088296,357.3522163358874,1
1762619348000,1,874,1.0,0.005877096842495353,0.00861037290154674,0.0005275736410609193,0.010438252858908025,0.006365780076420722,0.009249931216581258,0.0008675580508809364,0.011262195188527314,9.136636825815549,106.45804386380775,36.50998634188026,14,0.8153674058442876,3.0267609995310734,327.1141233628523,1
1762619350000,1,875,1.0,-0.005405021066246553,0.0003066379220036147,-0.014084544784580396,0.015089157740928769,-0.00460047643539533,-9.032741300296446e-06,-0.014077058779128699,0.014809728184341788,9.325589638937846,106.4882299813194,3.3638217553265406,13,0.5649337809350932,3.5399834673383497,68.82806750258086,1
1762619352000,1,876,1.0,-0.01053727123454856,0.0020810742035568676,0.0013057549962803728,0.010819886830344648,-0.010919569335374189,0.001642972428301625,0.002592893326064996,0.011342814847759619,9.256309083352372,106.29127866051547,43.94621697738324,15,1.3079959731873942,0.7789446677761752,320.2439770581505,1
1762619354000,1,877,1.0,-0.005682047427365921,0.0131588143969127,0.003974926664364507,0.014874142035301014,-0.005163986186842733,0.01281017204872597,0.0033514299992829155,0.014212647335945409,9.4192354274633,106.56084447371657,35.48437430610495,17,0.7889280477998539,2.328532704673767,141.065375413431,1
1762619356000,1,878,1.0,-0.010735335116808492,-0.0003476728748484991,-0.007511318228118211,0.01310679968650425,-0.0105423008625953,-6.048543015435038e-05,-0.007383066234592594,0.012870642291242494,9.301906583870016,106.36918435446827,39.76532680863213,18,1.1300758008341114,1.7660098524600276,171.99032718462584,1
1762619358000,1,879,1.0,0.004451361211629383,-0.0100898856663706,0.002908633260200237,0.011405286354983488,0.004453152372810813,-0.010207370051066542,0.0025829297440275426,0.0114320818522902,9.366690524628071,106.29503018001124,25.694890318203907,18,1.451670433035587,2.2315122090596766,203.93318889294363,1
1762619360000,1,880,1.0,-0.010184963333686839,-0.003435450804244767,0.006121414162707883,0.012369620515130283,-0.009760019122750575,-0.0026801183783812855,0.006412159417181135,0.0119815189433535,9.205946159004535,106.2912656216631,43.56679959290915,12,1.1648172217445434,3.2714293492144386,107.91803828494261,1
1762619362000,1,881,1.0,0.010860376812951189,-0.006987870448621807,-0.0031256029966897298,0.013287118273686194,0.00938485597574816,-0.007435085318819842,-0.002419721890093523,0.012215198295937077,9.44452021784006,106.29132804581201,35.38611968385234,17,0.6584287405046313,0.7264993843562195,162.9651131285381,1
1762619364000,1,882,1.0,-0.007283484314858316,0.007387271909606566,0.003249601618159192,0.010871101172741987,-0.008031403528477966,0.0068872448308835805,0.002731715603876864,0.010927024029361574,9.108291606805386,106.49844090991402,49.874257932344534,17,0.595760678709941,2.5802128668703976,242.06145253638581,1
1762619366000,1,883,1.0,-0.004765704654299595,-0.0035795754352498806,0.008482310048340125,0.010367009448477852,-0.004829268202572809,-0.0046285316380658146,0.008395599717085794,0.010734581086679074,9.360847437361844,106.29130596241387,23.12296289084868,14,1.1143091027618548,1.5929487197445007,288.6189188066158,1
1762619368000,1,884,1.0,-0.00847279148314104,0.0016305337646455105,0.0029245129594067188,0.009110412280691486,-0.009865548698665912,0.0010670401692895346,0.0031297260680113142,0.010404941667756512,9.447838817949817,106.53748444185453,9.960394604818207,12,0.6448892159158212,4.545842091301909,318.2186203929283,1
1762619370000,1,885,1.0,-0.009355509563063866,0.01045364346358294,0.0018376802149087494,0.014148543720841266,-0.009169471000588632,0.010641705040019291,0.001968280131563962,0.01418447077848579,9.251480464626251,106.49342688196747,11.501971066074002,11,0.6935426103830177,3.759267083358033,198.7508231605358,1
1762619372000,1,886,1.0,0.005463056419788934,0.004374057348470125,0.006870663126774754,0.009807312319648273,0.0047884345269671395,0.004619755350735327,0.007007156440329914,0.009662892222257044,9.246635275473425,106.29127615022612,39.857275653342775,14,0.5066586154677754,3.4945903772432874,182.18513208351828,1
1762619374000,1,887,1.0,-0.00031734258460630247,-0.012475356799489827,-0.002674272152201879,0.01276271778010562,-0.0009307158049657119,-0.01193834566057509,-0.0019767071311693448,0.012136626388885867,9.448518842554915,106.44010235064388,11.901713980634677,10,0.7744518795041949,2.26879712711364,172.57826541409185,1
1762619376000,1,888,1.0,0.0063676102682958214,0.005223426214466621,-0.004724587475547627,0.009494860123297498,0.00670705986511654,0.005668770022760697,-0.004552137144808413,0.009891489179610514,9.415091236096437,106.29132025532552,33.24163241626094,15,1.2032294286108662,4.685361953931659,167.37142432922928,1
1762619378000,1,889,1.0,0.005267551326959579,-0.009181260199834802,0.0036505381515434168,0.011196832794817391,0.004805150416291456,-0.008863250281313304,0.00436459785832839,0.010986190902096645,9.232317301299846,106.31737236360055,10.223847705446342,16,1.063865523564115,4.230474692382135,59.15882629627835,1
1762619380000,1,890,1.0,0.0011443627540735188,0.0011373740104967543,0.015155246283808599,0.01524088828367817,0.0008385953703102331,0.0008399185651737612,0.01486169315314483,0.014909011663066778,9.28591770532716,106.48649684997761,35.35212904042435,14,1.136404802614749,2.288398442944159,324.5226016679732,1
1762619382000,1,891,1.0,-0.009231714464278938,-1.5953951578288037e-05,-0.0027891001794851152,0.0096438522536252,-0.009645397075296642,-0.0006345977726253339,-0.0031597447095575446,0.010169581392699453,9.311620929368987,106.2912930662129,41.55104667383265,10,0.7665657606598911,1.279159632787255,114.80573525929164,1
1762619384000,1,892,1.0,-0.008319002955201903,0.005598576583262533,0.004235619117850598,0.010885326786037021,-0.00822950659383879,0.006169959398172247,0.004276166096505519,0.011139065231788231,9.400273175032828,106.35035124408755,21.331666495444907,19,0.9072912238743222,2.3587748914296567,272.85028699548633,1
1762619386000,1,893,1.0,0.0009721037752431576,-0.00018887378687725313,0.012454235040922424,0.012493543513021088,0.0011658430184124464,-0.00022112795979489485,0.012535515311305048,0.012591553980273737,9.150885027997369,106.48322008447387,20.19796874487217,14,0.9367382375563635,0.09056610693545797,34.58773684325542,1
1762619388000,1,894,1.0,0.004466492741749006,0.004334973397884063,0.012253536066747209,0.013743751231433642,0.0041210311771386595,0.004084428619678083,0.012323354146314478,0.013620958575947601,9.34174610049609,106.291300949873,31.66737330068601,14,0.9878116196597416,4.5265943634216965,193.7410099655966,1
1762619390000,1,895,1.0,0.013235817763288702,0.0043799110238575455,-0.003924055488489183,0.014483394074478526,0.012340874628432235,0.004390854952855716,-0.0036755009326559433,0.013604635273231499,9.187029515491226,106.56372539425135,24.83551325673135,13,1.321424956883904,3.9515327256000656,223.7660260835204,1
1762619392000,1,896,1.0,0.0016005001091404325,0.008663648211592326,0.0033785999174539795,0.009435853874229162,0.0018183574372754386,0.00866224064463428,0.004033830198274458,0.009726902015737589,9.137186908552131,106.32631586978377,36.6652569801364,16,1.4677365444184254,4.423714639986092,291.14582045492705,1
1762619394000,1,897,1.0,-0.009393053424271637,-0.0031790090572994902,0.006577440272744521,0.011899507206566785,-0.009601302561794697,-0.003697029541774795,0.006524785421537006,0.012183015353884389,9.208271668925308,106.35557320491608,17.011220921736147,14,0.8666306068740859,1.3896931443439038,42.024005039708456,1
1762619396000,1,898,1.0,-0.009671338986445444,-0.001235258685052812,0.007837322820065652,0.012509368121358482,-0.010413654197042961,-0.0013421064978555392,0.007861616044460493,0.013116800311725995,9.184618007492508,106.29126012222477,3.6482329198514742,11,0.6874474910243088,4.7293347919150355,15.699094317538629,1
1762619398000,1,899,1.0,-0.010719413584878382,0.010003486510732615,0.0017280701438579335,0.014763529266275653,-0.010833253962629082,0.008774096806436952,0.0015640124559189589,0.014028196646390993,9.28882012439543,106.2912871169982,8.931469483089982,10,0.9564394119960679,1.330490913051865,4.520146701139871,1
1762619400000,1,900,1.0,-0.007169924997167837,-0.0037879734490852517,-0.010057229278477624,0.012919149665355479,-0.00727852645684582,-0.0030989763609929064,-0.010475992167158624,0.013127338410940971,9.3523737989837,106.56381567389958,21.060832466517443,11,0.5353297847576906,0.5644739373938901,276.55052565668854,1
1762619402000,1,901,1.0,0.01271666177536637,0.0022411734218106363,0.0066480014568987295,0.014523507440925633,0.012102035860142945,0.0022168554073129128,0.006453396809642246,0.013893165594630297,9.23815567547701,106.30519718129952,20.091795755695625,18,1.3638557723857276,4.775724306104192,55.177962011203505,1
1762619404000,1,902,1.0,0.0016458467085011931,-0.009775586435818431,-0.0034332030831106747,0.010490842909982121,0.0016618421139900218,-0.009445392239865949,-0.003649815078717864,0.010261496181629021,9.155392785105427,106.3322840321401,46.4957056247364,11,1.0099718659278476,1.4458301014649821,49.777731768990286,1
1762619406000,1,903,1.0,-0.00840561887005317,0.007904988362817899,-0.007857250961976755,0.013959930597405024,-0.00817543298858277,0.007886747229069598,-0.008152226702693586,0.013982034423436193,9.235951334435008,106.29127338099786,2.0331072003526462,11,0.8662653620351928,3.5393281801177565,64.27023856211297,1
1762619408000,1,904,1.0,0.005211412868419341,-0.011970917701746757,0.004495360614622932,0.0138083294341721,0.004728972649692004,-0.01165959977095862,0.003742699236752613,0.013126966394306869,9.291042190014089,106.29128769611248,29.27430301900013,18,0.7342512467335857,4.315592388368883,200.36448059182234,1
1762619410000,1,905,1.0,-0.0092942306620098,0.011485129478007393,-0.005383377858294171,0.015724874558813162,-0.00926783436296329,0.010743630035057877,-0.004635088367744672,0.01492656639305647,9.385184763562398,106.29131236447562,28.422343081535672,14,1.4073244904820976,2.4592493522461707,241.5044851836059,1
1762619412000,1,906,1.0,-0.009471736573281835,0.0018102818970586942,0.0010587427291318934,0.00970112624528476,-0.009274255052199908,0.002260705012696732,0.0012626436823313498,0.009628959600923607,9.103543513794381,106.36164316044358,39.67891824912272,16,0.9099198360018171,1.1610255734221042,356.7204762284887,1
1762619414000,1,907,1.0,-0.0004514957599594819,-0.008611567902612615,0.009857280275011595,0.013096905152848205,-0.0005990359736052549,-0.008341340720056031,0.010543115900263649,0.013457120865628362,9.460724704363285,106.29133234634388,48.08982163674342,12,0.5612190603983528,2.32383527608865,11.277262298613966,1
1762619416000,1,908,1.0,0.00012375253893918717,-0.015181476365939243,-0.0022844553526590915,0.015352891440987866,-4.153136959259868e-06,-0.014704315380850607,-0.002566036466390765,0.014926535137630351,9.513894292822844,106.44013225517774,41.30649098613468,19,1.0759753697292882,4.604867081676886,140.35364875642813,1
1762619418000,1,909,1.0,-0.009414458797325444,0.007397299261547858,0.0031807303269623553,0.012388265262912842,-0.01017952149394638,0.006828964063165613,0.002708320376549596,0.012553581452468356,9.379798174902065,106.30808757586628,41.3048344483876,13,1.476275154103818,2.879850506395665,157.65768925851106,1
1762619420000,1,910,1.0,-0.001784494890391874,0.008478331028411088,0.004118230799254808,0.009593036222025007,-0.0014474074269322664,0.007814446004325511,0.005056665631476261,0.009419682686938602,9.429144587912575,106.29132397237964,27.064134216070396,16,1.0432703864907373,2.9965303374668246,305.75457725959114,1
1762619422000,1,911,1.0,0.007643813657148119,-0.007619193728983724,0.004682237267679138,0.011764495150062003,0.007936443792373614,-0.00822011167732373,0.005170864828829006,0.012541739079378125,9.093568308117923,106.46960451793325,49.168358550547744,11,1.065570215685029,2.297273592841343,301.38719216776815,1
1762619424000,1,912,1.0,0.007684740386661884,0.008303614869444257,-0.0015275116115201503,0.01141659084113015,0.008466541804508992,0.007527799254400926,-0.0005779309191854404,0.011343901264089355,9.238035837047935,106.538053557185,39.66738307408574,11,1.1608171263115117,3.1587400078219585,33.995531039327076,1
1762619426000,1,913,1.0,-0.0021661833050757163,0.005284923040129079,-0.012296650531234828,0.013558406098748987,-0.0026680260992345325,0.005261597890134086,-0.012365654860892276,0.01370081004037239,9.314093826553087,106.29129371236002,25.334926994649955,16,1.4522721490138757,0.23357509618229633,190.123889479856,1
1762619428000,1,914,1.0,-0.0020351733477938995,0.005499307479196183,-0.009662383396672336,0.011302476109711664,-0.002768473643974837,0.005552100901579419,-0.009638904017876872,0.011462929006346729,9.261172278998114,106.4346059676042,47.606708600315514,19,1.4020055035527714,4.984818135683945,245.5330118829544,1
1762619430000,1,915,1.0,0.0016121261293197949,-0.009021240877868545,0.004832401620177806,0.010360204778480932,0.0014689268890314567,-0.009991095703820814,0.005310770152085573,0.011409821171977648,9.308551980663418,106.29129226457177,48.98654056440587,17,0.7012410985914382,4.399188934525526,228.9875677211664,1
1762619432000,1,916,1.0,0.008898437403569421,-0.010455297360547915,-0.004119225932055298,0.014333996421167419,0.00818340153418656,-0.010426013953580886,-0.004872663432984935,0.014121355337259197,9.323929820035605,106.291296284196,15.312684719465636,17,0.8436482763425702,1.5724512818048197,78.22078801005777,1
1762619434000,1,917,1.0,0.008436123711711506,-0.0020634538167274403,-0.0072442908549769265,0.011309543532988874,0.008967753977013132,-0.0015878781285306198,-0.007759654630081603,0.011964706779585015,9.367428620778067,106.53529139328951,10.087590618116849,13,0.5386565367720226,0.6047833782961481,352.6412568648615,1
1762619436000,1,918,1.0,0.0032238687447237327,-0.0033250601462663297,-0.012451411751824086,0.01328484133412809,0.0035679975051373875,-0.003067606135945223,-0.012166889282100161,0.013045076021428131,9.311726063553419,106.32506159418165,40.82506560071029,11,0.8235877151753235,3.6714537947428427,188.0190048434417,1
1762619438000,1,919,1.0,0.011340863597270651,0.007502661476860056,-0.0074035790835523885,0.015482832415765306,0.011041096754585419,0.006942691348578226,-0.006876728300616389,0.014744360712700907,9.215947716641308,106.39018726819242,34.25191157372377,16,1.4802693228133128,3.607163949482475,9.471828735929337,1
1762619440000,1,920,1.0,-0.001824378952953171,-0.011574624118624855,-0.007655311824067433,0.013996573908465506,-0.0023780390457434214,-0.011847648507789407,-0.007428239879352921,0.014184519469210578,9.16991253754293,106.29125633818765,2.534488070419677,16,1.4696191444393554,2.2886122345923647,52.01749211168397,1
1762619442000,1,921,1.0,-0.008558518815049803,-0.006137156514080053,-0.0037201639298166124,0.011169268286265903,-0.008212041457107445,-0.00601593545538806,-0.004109590591301812,0.010978061719846673,9.187932031306183,106.48552645237575,29.878212074289088,13,0.6330649694329782,1.5558530519802571,352.3552812167365,1
1762619444000,1,922,1.0,0.009124747182260595,-0.0005826486168421417,0.00508764827800258,0.010463491556432935,0.009677249227700076,0.0002936847310160933,0.0058975137280241376,0.011336492910441346,9.264599495244516,106.54524810470846,33.554890152720866,13,1.2240618388362825,0.29861290276908037,336.24189547136893,1
1762619446000,1,923,1.0,0.0007474615616000446,0.008876469931753147,-0.00998460185963978,0.013380683522560027,0.0013902049235751243,0.0091142528504786,-0.009865335665817598,0.01350285608866667,9.31663869973403,106.39746060845255,34.55458075579605,11,1.4591646093144326,0.4155791297574174,94.00039060385313,1
1762619448000,1,924,1.0,-0.006314571572805444,0.005452277051130805,0.008979637986301822,0.012257040326090344,-0.006078942737836542,0.005601512865369074,0.008028917063332842,0.011523627918354018,9.224143575778776,106.29127032436845,33.793352234684825,17,1.2557681091681983,2.2830194276852316,341.15914844639667,1
1762619450000,1,925,1.0,-0.0033566577966043566,0.01316463126782211,-0.0049608325508406215,0.014463212906498482,-0.0034131133402664736,0.013284524637515276,-0.004729579399221549,0.014508509875648713,9.221120149618152,106.29126954236192,39.71718294578619,18,1.4773560632008498,1.7532684834773204,29.369953454936798,1
1762619452000,1,926,1.0,0.0008360367849980075,0.0045016930918607805,0.011208032357359768,0.012107195691934629,0.0007174574596179068,0.004577385190754622,0.009892873582495666,0.010924108572791729,9.190877128303917,106.29126173475184,9.499499372677805,15,0.6790422787179992,0.03125428266017527,344.2348115187531,1
1762619454000,1,927,1.0,0.006740283112452534,-0.01168693334663733,-0.0042840418467978295,0.014155170151922278,0.006600112101425747,-0.011334607232724345,-0.004134752405948299,0.013752489895651946,9.409353672414003,106.29131873942966,35.858232331538716,19,0.958698567476631,2.0218218211713586,8.122663521839563,1
1762619456000,1,928,1.0,0.006392049978221984,0.005434032316163636,-0.011344204414390623,0.014109499776132323,0.006578351220946291,0.006065453046743563,-0.011813343131435066,0.014819564817814334,9.08958841630268,106.3508013406757,25.31112337424828,19,0.6986508446636599,0.20824790556433992,214.6279871148198,1
1762619458000,1,929,1.0,-0.006420402424254507,-0.0023744698855696473,0.007320269855227883,0.010022276451994744,-0.007221758022116529,-0.0018613315672438892,0.007435228986946317,0.010530953148768148,9.29535149052457,106.32806716614151,12.109072592305454,19,0.8731362937356828,2.3835359233065727,334.16138582321685,1
1762619460000,1,930,1.0,-0.0032713587125134005,-0.008172830028872464,0.010232475110846047,0.013498166001381842,-0.004366584374147883,-0.00861069313604154,0.01062217116572496,0.014354149771184084,9.281622796581985,106.4733429008719,47.65519281439292,18,0.9114776568907869,0.9822039117230935,337.50969347152005,1
1762619462000,1,931,1.0,-0.004244400667156383,0.012764078102397443,0.00280920784172234,0.013741480106795401,-0.00336758040478642,0.013243287105819335,0.002614348672253322,0.013912586751929882,9.42344078891905,106.29132246304921,13.920931676821514,18,1.301065010712541,3.16883899152931,177.93809497196898,1
1762619464000,1,932,1.0,0.0021859616854720343,0.0067681569145186145,-0.00519894062322838,0.00880995800862593,0.0027133557784986503,0.007628010539619064,-0.004397613775781153,0.009213460332263428,9.231839800173836,106.56281319674864,31.26094385360334,19,0.7471432818882893,2.088948280161584,144.18584704468344,1
1762619466000,1,933,1.0,0.005237602613939563,-0.003552570845422446,-0.008108572229441707,0.010286018877746888,0.004500433452732022,-0.0025408095523123627,-0.008111490675381985,0.009617998514264812,9.229565938049548,106.29127172752793,47.2011195035669,14,0.6548307215468039,4.048948036796113,224.62594005509078,1
1762619468000,1,934,1.0,0.01242160041633168,-0.004853966134706861,0.0037962503111382143,0.01386609752470786,0.01229583426797742,-0.00474725403676166,0.0040880065787024375,0.013799846340544234,9.15067772398679,106.479724835816,31.994595388428053,12,0.625155018124685,1.0663074273850408,164.23903222337336,1
1762619470000,1,935,1.0,-0.0010268642663112753,0.009208906213593169,0.010004601481796382,0.013636365156512356,-0.0014265817501347012,0.009083037663227515,0.010322790311228885,0.013823773308725367,9.346102034923481,106.29130209200841,39.00820289735471,10,0.6208962765625583,0.9973531897268911,195.71087668774976,1
1762619472000,1,936,1.0,0.002137212788464276,0.007107252347794013,-0.003002776133489916,0.008006083870798219,0.0020086392620015103,0.007914588554204289,-0.0042927075870709715,0.009225111495006018,9.299316462144105,106.47191688578769,14.882163899833738,10,0.934507658934021,0.2291383502852573,69.8102736507927,1
1762619474000,1,937,1.0,-0.003579272707206655,0.004454919459703125,0.007719228816829766,0.009604373692832402,-0.0043300847678479195,0.003669235909548624,0.007533584829715666,0.009432275793422906,9.097051333389222,106.39379329625588,36.04770827013042,15,0.6094160053929283,1.2408519140538514,91.85082810847449,1
1762619476000,1,938,1.0,-0.00011045112773104006,-0.0005908408023448997,0.011647969773101832,0.011663468272363354,0.0006150696363584964,-0.00020143997420476266,0.0116966911287456,0.011714583734902995,9.145597163189311,106.36480390912241,9.39100827482453,14,1.0562987940837263,3.5891501904166145,49.94491611160287,1
1762619478000,1,939,1.0,0.007523980933026627,0.005606382932499426,0.0002262623853330225,0.009385787837650374,0.007586827906336606,0.005536614587545774,0.0002991520552063633,0.009396996899197462,9.218140647677659,106.33741082155727,34.789978916451666,11,0.6136260473045935,1.0325980771974135,73.66287546495776,1
1762619480000,1,940,1.0,-0.004906686438695346,0.006440945890310123,-0.01116863789325657,0.013794920375278222,-0.004195422145601288,0.006650634918535677,-0.011572943474797976,0.013991623653826486,9.329480893360115,106.29129773689745,2.899029421007304,13,0.89306252621733,3.2615320382644835,358.1886976418863,1
1762619482000,1,941,1.0,0.008981454969826512,0.0003471768024257988,0.010289186418999643,0.013662152914972466,0.00854065767373543,-0.0004939751301066648,0.01008026727812081,0.013221143419820123,9.43369672618307,106.50657515272339,23.300237188378226,11,1.0268346784702391,4.793557985489955,226.5544550974726,1
1762619484000,1,942,1.0,-0.009074175771700315,-0.0008256836620624654,-0.0020707504228377393,0.009344004856547999,-0.009650129308548371,-0.0007562265299979457,-0.002808786552968281,0.01007899579008308,9.416309082712436,106.45001707676273,5.801256608351718,16,1.2796690008391773,2.901627370714046,222.1321772844663,1
1762619486000,1,943,1.0,-0.009148717423850213,-0.002419729908032636,-0.007510161591562659,0.012081252023721343,-0.009932891983972505,-0.002540281591521713,-0.008255626353179599,0.013163234413046166,9.125679698297311,106.29124499423489,4.011456138892655,12,1.3188751159746173,4.611563306950593,214.61851452102255,1
1762619488000,1,944,1.0,0.00956680349377402,0.0047958010645898705,-0.005292736987412203,0.011938865178798583,0.009770763097940921,0.004701203608835252,-0.005729607797259699,0.012263667167622774,9.328481523417713,106.56172888115633,35.66570855095131,19,1.2462268143765443,4.282671208785316,300.0111821962313,1
1762619490000,1,945,1.0,0.006688251734118611,-0.006930074093733748,0.00856566378202486,0.012889113011773643,0.006935959008997785,-0.006946475180130294,0.009113558433008213,0.013394700150228032,9.463015843322486,106.34676832010159,36.97937569564648,10,1.1347185193562435,1.1227449358479231,24.568455510543444,1
1762619492000,1,946,1.0,-0.00514656842253546,0.012310722409210256,0.00486694360980241,0.014203105043104737,-0.00490707617286253,0.01204948968859792,0.005296212511066704,0.01404704471710268,9.22894368285136,106.30495872926218,0.1186693578604181,11,1.2062119863592842,1.232495162274212,359.53788621909905,1
1762619494000,1,947,1.0,-0.0058968764328005885,0.0070950593269409916,0.005685018294044261,0.010836625467374485,-0.0060739074848202325,0.00698608945730967,0.006104158572537855,0.011088667634949473,9.345120218661327,106.43183089953011,48.45230782128731,14,1.4790580564391624,3.2225247891536672,186.9832360033831,1
1762619496000,1,948,1.0,0.007220861416940303,-0.007804659924942472,0.003086873154285209,0.011071691018869107,0.006756735732349796,-0.00716617723413906,0.0020670436542752214,0.010063808592008542,9.427530522759316,106.53345907490177,5.777495868223614,16,0.9593184166235322,4.195213958844071,174.0894901819989,1
1762619498000,1,949,1.0,-0.00044321870727638215,-0.010635194021559569,0.0058594968580352675,0.01215061719123853,-0.00048455123409294593,-0.010622499842083499,0.005396438989828077,0.011924506135033921,9.134255312078633,106.2912471890666,33.84569087795094,13,0.8088149053137538,3.175845015767198,42.24345977978333,1
1762619500000,1,950,1.0,-0.0056934864595199735,0.009128728471148746,-0.0006436126585690936,0.010777926925850322,-0.006380048139948918,0.00895501875581211,-0.00016114116532839836,0.010996514977945317,9.230700815096766,106.39824467356779,9.192341409241333,14,1.134012588973629,0.2424256624512494,191.03961527634098,1
1762619502000,1,951,1.0,0.006496387578079867,0.003058189826620835,-0.01143620824649572,0.013503423108141665,0.006414975111427451,0.0029828329029433377,-0.010474950962075492,0.012640165958760245,9.075016452623894,106.38117232413244,43.54320717916392,14,1.0761697957881122,3.6051191726950584,274.1120735041986,1
1762619504000,1,952,1.0,-0.011928227140365644,0.0019152579705323507,0.007924278510272062,0.014448010441379217,-0.011127285504765086,0.0017723788156094986,0.007491288749275212,0.013530602961272417,9.225596782649076,106.38842402238207,11.139364303616317,17,0.9285595076986178,1.7607454991975846,177.80746281111325,1
1762619506000,1,953,1.0,-0.004814873149037382,0.0059305081745864175,-0.00726958233115498,0.01054517699802133,-0.005320707055045779,0.006358803410564894,-0.007540493819366501,0.011207290101524546,9.381029461298168,106.5447875932278,21.223486867304974,13,1.2381971600174537,4.0711025027934395,129.26163177820467,1
1762619508000,1,954,1.0,-0.0006930625280871395,0.014437038419751646,-0.0035241670806755113,0.014877102124195445,-0.0012299136943109707,0.013653690818671958,-0.003058135738460353,0.014045930188570248,9.301039642965138,106.41149165649101,4.893002984551997,16,0.8278304271692531,0.07666199605215307,63.041071601621276,1
1762619510000,1,955,1.0,0.013612621087674002,0.0036756499836276173,-0.0035261771089246767,0.01453436550669595,0.013664612899300424,0.004419728671603519,-0.00325287184950611,0.014725380215384288,9.20102301872373,106.35248990349824,24.03411075545253,11,0.5191849810674575,1.133349228757909,46.5333470861699,1
1762619512000,1,956,1.0,0.00022607878625641935,-0.006479083650165292,-0.00951874227860704,0.011516774337025778,0.0009476048951216738,-0.005610202589195668,-0.008811484949843598,0.010488784255117298,9.159188227044389,106.29831268891428,36.59628248754937,17,0.7490609077215706,1.4956288512894274,112.41075234567589,1
1762619514000,1,957,1.0,-0.013474869393011506,0.006494760701023656,0.004682993678769542,0.01567432459526327,-0.012354715502893729,0.0063908878287477185,0.004052014252772295,0.014487969557593232,9.461567454686975,106.44832278936414,38.075114998461515,10,0.8433377488111086,0.07007570391184492,12.38804475954733,1
1762619516000,1,958,1.0,-0.005091409149735388,0.002628579100134923,0.011129764573334313,0.012518128241615151,-0.004867993394161652,0.0025840017531250183,0.01122802147072299,0.012507713255938158,9.392630622007887,106.33552433289401,16.212711346203307,13,1.3192633608027582,4.807167278467257,27.800878824597206,1
1762619518000,1,959,1.0,-0.009191232176639733,-0.00328390892992586,-0.007181341397855793,0.01211752743167936,-0.009263552940835359,-0.0029921865349717136,-0.007319645494022043,0.012179647101040435,9.39833109539191,106.55701934255062,23.302777086121303,17,0.6967441294553778,2.5824425384368515,341.1183849552437,1
1762619520000,1,960,1.0,-0.007471676896388291,0.006536086685799785,0.007139632245808774,0.012227867083580203,-0.008313567225557374,0.005677320307478414,0.007177392875834105,0.012363750821722455,9.315997116708225,106.4642419612414,40.04613241639096,15,0.8168698050942261,1.3252103647265623,247.2286014014592,1
1762619522000,1,961,1.0,-0.003913784504947476,0.007713381394732865,0.0010784158318780553,0.008716475342603988,-0.004106112311220541,0.008157936470392776,0.0019778565923388998,0.009344731267788276,9.271447977504144,106.29128259445855,26.516192552320444,13,0.7464450253605786,2.8441356128663076,348.4978260435174,1
1762619524000,1,962,1.0,0.007922697113578268,0.003156423874893117,-0.006212212323062616,0.01055100578989073,0.006872897051554267,0.002670638617642621,-0.006783538490322379,0.01001925241507532,9.376857821504027,106.29131017207455,46.12594445707621,10,0.8370558109778773,0.6151623967662928,49.6986477401759,1
1762619526000,1,963,1.0,0.011665612655552668,0.007328934539286122,0.000247755957597312,0.01377901241472177,0.01221807784892934,0.007259094812426389,0.0002315130829797252,0.014213707543279632,9.479262033232853,106.368877715615,35.10830669275474,10,1.042532787343375,0.8223617046152171,111.05766653417575,1
1762619528000,1,964,1.0,0.008961792404176983,0.007665679671115821,-0.00470844260980581,0.01269825971247862,0.0090596949210343,0.007743310011603293,-0.005093121628482494,0.012960586789205442,9.301201182938696,106.29129034558959,9.708762640043267,14,0.8340313202336636,0.5277348964201312,259.32374583299,1
1762619530000,1,965,1.0,0.00979342020402105,0.00429691316775806,-0.0012660596754157686,0.010769282667173993,0.010239528167911901,0.0034715253392002144,-0.0015776340784863455,0.01092649781804636,9.309188193262125,106.29129243073439,27.602904081521846,13,1.41412682892786,2.69903846429132,0.9867394664760765,1
1762619532000,1,966,1.0,-0.002801753881695335,0.007612718589382178,-0.005284951219728824,0.009681633050763338,-0.002693710268627994,0.007190827479749213,-0.005696410832653702,0.009561023545060578,9.228385127224946,106.291271421893,15.645372601950935,12,0.5426691475017875,0.5905924658825112,337.84822120566855,1
1762619534000,1,967,1.0,-0.0027892895438605325,0.004630878287974367,-0.008359405744119038,0.009955141097560218,-0.003099334391097614,0.004686834348857375,-0.008016112832329914,0.009789297973915907,9.291543181604103,106.60063389986561,12.141794599606538,15,1.0358172721243455,3.480889501694246,203.5841711297215,1
1762619536000,1,968,1.0,0.004652943857933349,-0.008992342272956356,-0.0008069056237725472,0.010156928806718757,0.0050971101730552274,-0.00966183708506073,-0.0014799231720345647,0.011023692692090196,9.21992975022767,106.51942148348776,46.34972971739279,14,0.5820905577009803,4.815031925432627,72.93641974111135,1
1762619538000,1,969,1.0,0.00786981745912657,-0.0005054562997999622,0.008741024893003303,0.011772639002835525,0.008721407871065914,-6.933956404756424e-05,0.008593195449188943,0.012243805423829404,9.246979583292848,106.47184326028689,23.316939703764938,12,1.0883630237764335,4.076168829969142,324.70233707366873,1
1762619540000,1,970,1.0,-0.002452229866940683,0.010234437910347002,0.01041023938717651,0.014803048157706743,-0.0033024472285461946,0.008918442660467521,0.010827339672716674,0.01441097018155835,9.255311619832854,106.49644820295484,17.553620695514827,10,0.9803696813248782,1.0685666841172559,278.36415931994145,1
1762619542000,1,971,1.0,-0.009537268029198586,0.003776657287134272,0.008096642043646086,0.013068214648840726,-0.009515624030365861,0.003981233056730971,0.007794201710586567,0.012928530374508708,9.304668133544542,106.34103493431446,27.72270810736651,14,1.0821696535266705,4.318144494573412,209.30196107363028,1
1762619544000,1,972,1.0,0.004559314797638026,0.01239670118378337,0.0018592666117845072,0.013338756463691573,0.004843476222838158,0.012108288754208047,0.002106935916859426,0.013210189152098916,9.150158663991736,106.31411463534832,41.963552722808664,14,0.7284121032239002,0.3567697396013475,55.68211537964935,1
1762619546000,1,973,1.0,0.0010215844222447542,0.002951780709681651,-0.008814047196772047,0.009351153515836805,0.0007822347360101756,0.003029642261354694,-0.00957444739043557,0.010072768549223485,9.191529044822463,106.29126190276995,0.9695703730130512,17,1.350214220258735,2.7439912126415638,106.9510144704214,1
1762619548000,1,974,1.0,0.002059259939835056,-0.01005568113856656,-0.0026551870579883444,0.010602230565934772,0.002727534761580822,-0.009648925478687419,-0.0032261398968296486,0.010533242017670107,9.238411652548498,106.2912740184048,19.84837811669197,13,1.3417981562926764,1.8437575911252946,54.6521637476829,1
1762619550000,1,975,1.0,-0.008233343937352462,0.003669902345692063,0.0032654677890446627,0.009587461368837055,-0.008059410929693825,0.004175098718761901,0.002753379535504546,0.009485075261251794,9.312461251738245,106.52605558556336,31.23516654856669,17,1.2903103722094076,2.621763846910832,328.04633826663655,1
1762619552000,1,976,1.0,-0.010171532608035331,-0.0027863583509848966,0.00038806744904086804,0.010553410102968347,-0.010423794957558227,-0.00210820150137584,-2.3971107369215967e-05,0.010634876092442647,9.511776331827667,106.35829973215218,30.16328432880726,10,0.6413091228900307,4.628325461583539,262.1990273143194,1
1762619554000,1,977,1.0,0.0019882842099255495,-0.0036749857100655233,0.011274989943576693,0.012024316708087018,0.0016703938271644895,-0.0033796822502695596,0.011069871541530326,0.011694208976950914,9.523810980763665,106.39459433421388,19.993355915745198,16,1.011634371162903,4.788893679212754,110.11642282375118,1
1762619556000,1,978,1.0,0.008736207206424249,-0.009004732939847708,0.005611956035515271,0.013744110819406019,0.008733732127956372,-0.00925887093670899,0.00472235154361033,0.01357591146137049,9.418757727822712,106.39871307338578,42.22873395339721,16,0.9404375038755752,1.3805479823157714,60.665520198411976,1
1762619558000,1,979,1.0,0.0017210179968912835,-0.001356022975199412,0.014224796884768442,0.014392551812232961,0.0013598695468894997,-0.0010152438754269632,0.0139131089257835,0.014016225072817072,9.385931995359268,106.29131256131376,2.1522783473412743,10,1.36523204525349,2.2436168399937664,230.98126452756375,1
1762619560000,1,980,1.0,-0.004238759675076545,-0.01019043765127494,0.0011748914797082204,0.01109921047177086,-0.005102473742418304,-0.009826179483332056,0.0012069843644566742,0.011137587386268489,9.111504266661676,106.43368039950936,30.660137176676194,15,1.0251720752389288,2.0934938442671047,40.4640664318018,1
1762619562000,1,981,1.0,0.004456248256135205,-0.0015841679169058512,0.010805160128428215,0.011794881174061769,0.00363706241626014,-0.0014300267065796126,0.010487569021766173,0.011192064304122474,9.459196141219309,106.37986654155829,2.684136932858566,12,1.3055525061573854,4.385167070076353,277.2906850686269,1
1762619564000,1,982,1.0,-0.009858877987926538,0.0019107656515529026,-0.003504022002847964,0.010636102234955222,-0.010370177287375801,0.0015697427965765949,-0.004053923742919804,0.011244508309944813,9.227540149745776,106.29127120320847,4.866727852361208,12,1.3460637069711843,0.6599076808105964,4.876794736107253,1
1762619566000,1,983,1.0,-0.002410270794394007,0.013315097208488893,0.004121672143302579,0.014145296046060468,-0.002985241252769692,0.013993960698592843,0.004352744310794878,0.01495623563622064,9.277148900315948,106.32193938848508,0.13975884210313816,16,1.1469489529582466,0.3499086509473287,269.7605877487576,1
1762619568000,1,984,1.0,-0.002242191243675951,-0.0007005105344119527,0.011242359740951356,0.011485155163383866,-0.0025255235874875014,-0.00045554470267556167,0.011184677806241387,0.011475312980329562,9.238816706061533,106.29127412336105,36.78793050437772,10,0.5949353270623433,0.8727719690719177,164.35542213299811,1
1762619570000,1,985,1.0,-0.008372899744216985,0.004652445268573914,-0.006588675081459405,0.01162589078018664,-0.009473511418955933,0.00489908862553801,-0.006817438308212844,0.012658039068206907,9.240292000938858,106.32805308934807,26.42086373039089,19,1.1740901797779388,4.526468185553309,315.3372875083723,1
1762619572000,1,986,1.0,-0.0043815799583802025,0.005046996689579941,-0.007518010578903465,0.010059368846046673,-0.003517131147976698,0.00522302746988235,-0.0075324112520049795,0.009817710870286654,9.12945295463193,106.43190305412608,47.317053992814465,12,1.457605593809392,0.5099411875821164,173.76838208983216,1
1762619574000,1,987,1.0,-0.0006104540674498293,0.004051921412014639,-0.013847748698468372,0.014441290292544541,0.0008364045667050964,0.003933973220758849,-0.01384989105486568,0.014422038695430728,9.284737168856623,106.34401550005167,48.13437645776964,16,1.4145340148679115,3.0096361498964175,104.98640456604612,1
1762619576000,1,988,1.0,-0.0006557759178682358,0.010788799918851117,-0.006950889971154242,0.012850802198094499,-0.0004094168686289418,0.011644687092958543,-0.006629914419540183,0.013406048070764927,9.384896012688712,106.47732428319361,14.484948006043174,18,1.3387152721934703,2.8854386780766754,311.5116398209749,1
1762619578000,1,989,1.0,-0.005149410072678362,0.0005961441068594239,0.009135896417471298,0.010504114205562956,-0.005318182998311746,0.0010586979251658887,0.009307554378325979,0.010771930198705234,9.136288191329243,106.50182573008328,7.438887106336123,12,1.38994818094671,3.607018636710721,327.5478521966688,1
1762619580000,1,990,1.0,0.005054100245802514,-0.009952511609335475,-0.005080808997840071,0.012264217737023062,0.004557984177674997,-0.009308959019228999,-0.00467984319434581,0.011372461040130467,9.174589024427764,106.3903360935909,2.1387415754464456,14,1.479348091320261,2.352680371993462,178.96477407487177,1
1762619582000,1,991,1.0,0.0030663225871544416,0.008508851919053735,-0.007303016990616913,0.01162484203566299,0.0030433555928220855,0.008658392697929628,-0.0071892820554910865,0.01165828262864341,9.307206881003003,106.29129191330482,37.81884721897825,16,1.4622438268520543,3.730422877294842,232.18825601039646,1
1762619584000,1,992,1.0,-0.0017235599268355015,0.010078022984009963,0.011099632146831797,0.015091025143528457,-0.0013495955694279745,0.00942408283846282,0.010909302377359384,0.014479213511371679,9.467487148772072,106.29133414331906,8.886744320532769,18,0.8753290872537133,3.403727798958105,136.08363607082268,1
1762619586000,1,993,1.0,-0.00030188004285885224,-0.0012463182732962014,0.014697688708657855,0.014753524805118167,-6.617153942544294e-05,-0.001239160338559356,0.014506716302793906,0.014559694876852157,9.239246111056337,106.29127423463241,12.292187608634991,10,0.8942934329793438,1.2014278916088434,145.69144929589086,1
1762619588000,1,994,1.0,-0.006249228952496868,0.012297805201520379,-0.0034948257427850887,0.014230343715023195,-0.006569907192707464,0.012684842079837057,-0.003248745376241381,0.014650025448129567,9.447429010041025,106.51575573834327,24.716846860858144,17,0.7782598607123467,1.6838403970617921,50.868252083487995,1
1762619590000,1,995,1.0,-0.0031253899588488806,0.012602340786199874,-0.006791576691815979,0.014653073726942356,-0.003583345051332888,0.01233350820386947,-0.006010692727870396,0.014180416546797964,9.347529256069103,106.29130246634986,9.307099832274506,16,1.142316572050973,0.48700804544819953,46.35092027339458,1
1762619592000,1,996,1.0,-0.001958681987063818,0.008760323309603295,-0.0010702353994613265,0.009040193771456852,-0.0016531444539009913,0.008903391420583323,-0.0011618146990600659,0.0091297907297228,9.318058698471999,106.49421006228528,23.461839847307758,15,0.8289182453681175,3.217412592146963,317.44030617980235,1
1762619594000,1,997,1.0,-0.003206632905238952,0.008011626604192202,0.002295413402325491,0.008929590030988935,-0.0024280701028931424,0.008335381511174437,0.0026634454251013785,0.009081192151578207,9.483318533955671,106.29133835542441,11.684959881013517,15,1.4863842037366566,1.2238993419289845,228.07941015184167,1
1762619596000,1,998,1.0,-0.0030286078223751033,-0.011222167253363832,-0.004824677858090166,0.012585190488767689,-0.003454409981803292,-0.011535658759728952,-0.005355653533727142,0.013179051411866392,9.263682336702512,106.29128057566636,8.729338723455104,12,1.4880908160228268,4.206365698777387,273.7959717501223,1
1762619598000,1,999,1.0,0.004889867490586811,-0.005988771293691087,-0.006816323185547854,0.010307203667992275,0.005698835343981647,-0.006197533646968595,-0.00756843528315874,0.011321102429467034,9.09085874213555,106.36865420666452,1.2327820833294534,14,0.6951022100451424,1.4816501677051157,212.35202368218182,1
